-- phpMyAdmin SQL Dump
-- version 5.2.1
-- https://www.phpmyadmin.net/
--
-- Host: 127.0.0.1
-- Tempo de geração: 24/11/2024 às 19:55
-- Versão do servidor: 10.4.32-MariaDB-log
-- Versão do PHP: 8.2.12

SET SQL_MODE = "NO_AUTO_VALUE_ON_ZERO";
START TRANSACTION;
SET time_zone = "+00:00";


/*!40101 SET @OLD_CHARACTER_SET_CLIENT=@@CHARACTER_SET_CLIENT */;
/*!40101 SET @OLD_CHARACTER_SET_RESULTS=@@CHARACTER_SET_RESULTS */;
/*!40101 SET @OLD_COLLATION_CONNECTION=@@COLLATION_CONNECTION */;
/*!40101 SET NAMES utf8mb4 */;

--
-- Banco de dados: `bd_tcc_tecdes_223_g7`
--

-- --------------------------------------------------------

--
-- Estrutura para tabela `agendamentos`
--

CREATE TABLE `agendamentos` (
  `agend_id` int(11) NOT NULL,
  `veic_usu_id` int(11) NOT NULL,
  `agend_data` date NOT NULL,
  `agend_horario` time NOT NULL,
  `agend_situacao` int(11) NOT NULL,
  `agend_observ` varchar(200) NOT NULL,
  `serv_id` int(11) DEFAULT NULL,
  `agend_serv_situ_id` int(11) DEFAULT 1
) ENGINE=InnoDB DEFAULT CHARSET=utf8 COLLATE=utf8_general_ci;

--
-- Despejando dados para a tabela `agendamentos`
--

INSERT INTO `agendamentos` (`agend_id`, `veic_usu_id`, `agend_data`, `agend_horario`, `agend_situacao`, `agend_observ`, `serv_id`, `agend_serv_situ_id`) VALUES
(1, 95, '2024-07-01', '09:00:00', 1, 'Primeiro agendamento para o veículo 1 do usuário 1', 10, 3),
(2, 148, '2024-01-12', '11:00:00', 1, 'teste de edição', 36, 3),
(3, 151, '2024-07-03', '11:00:00', 1, 'Primeiro agendamento para o veículo 3 do usuário 444', 13, 3),
(4, 4, '2024-07-04', '08:00:00', 1, 'Primeiro agendamento para o veículo 4 do usuário 4', 32, 3),
(5, 5, '2024-07-05', '09:30:00', 1, 'Primeiro agendamento para o veículo 5 do usuário 5', 39, 1),
(6, 6, '2024-07-06', '10:30:00', 1, 'Primeiro agendamento para o veículo 6 do usuário 6', 17, 1),
(7, 7, '2024-07-07', '11:30:00', 1, 'Primeiro agendamento para o veículo 7 do usuário 7', 8, 1),
(8, 8, '2024-07-08', '12:00:00', 1, 'Primeiro agendamento para o veículo 8 do usuário 8', 27, 1),
(9, 9, '2024-07-09', '13:00:00', 1, 'Primeiro agendamento para o veículo 1 do usuário 9', 33, 1),
(10, 10, '2024-07-10', '14:00:00', 1, 'Primeiro agendamento para o veículo 2 do usuário 10', 4, 1),
(11, 11, '2024-07-11', '15:00:00', 1, 'Primeiro agendamento para o veículo 3 do usuário 11', 38, 1),
(12, 12, '2024-07-12', '16:00:00', 1, 'Primeiro agendamento para o veículo 4 do usuário 12', 20, 1),
(13, 13, '2024-07-13', '17:00:00', 1, 'Primeiro agendamento para o veículo 5 do usuário 13', 24, 1),
(14, 14, '2024-07-14', '09:15:00', 1, 'Primeiro agendamento para o veículo 6 do usuário 14', 20, 1),
(15, 15, '2024-07-15', '10:15:00', 1, 'Primeiro agendamento para o veículo 7 do usuário 15', 27, 1),
(16, 16, '2024-07-16', '11:15:00', 1, 'Primeiro agendamento para o veículo 8 do usuário 16', 36, 1),
(17, 17, '2024-07-17', '12:15:00', 1, 'Primeiro agendamento para o veículo 1 do usuário 17', 17, 1),
(18, 18, '2024-07-18', '13:15:00', 1, 'Primeiro agendamento para o veículo 2 do usuário 18', 17, 1),
(19, 19, '2024-07-19', '14:15:00', 1, 'Primeiro agendamento para o veículo 3 do usuário 19', 34, 1),
(20, 20, '2024-07-20', '15:15:00', 1, 'Primeiro agendamento para o veículo 4 do usuário 20', 36, 1),
(21, 1, '2024-07-21', '16:15:00', 1, 'Segundo agendamento para o veículo 1 do usuário 1', 39, 1),
(22, 2, '2024-07-22', '09:45:00', 0, 'Segundo agendamento para o veículo 2 do usuário 2', 7, 4),
(23, 3, '2024-07-23', '10:45:00', 1, 'Segundo agendamento para o veículo 3 do usuário 3', 35, 1),
(24, 4, '2024-07-24', '11:45:00', 1, 'Segundo agendamento para o veículo 4 do usuário 4', 35, 1),
(25, 5, '2024-07-25', '12:45:00', 1, 'Segundo agendamento para o veículo 5 do usuário 5', 30, 1),
(26, 6, '2024-07-26', '13:45:00', 1, 'Segundo agendamento para o veículo 6 do usuário 6', 3, 1),
(27, 7, '2024-07-27', '14:45:00', 1, 'Segundo agendamento para o veículo 7 do usuário 7', 6, 1),
(28, 8, '2024-07-28', '15:45:00', 1, 'Segundo agendamento para o veículo 8 do usuário 8', 20, 1),
(29, 9, '2024-07-29', '16:45:00', 1, 'Segundo agendamento para o veículo 1 do usuário 9', 4, 1),
(30, 10, '2024-07-30', '08:45:00', 1, 'Segundo agendamento para o veículo 2 do usuário 10', 36, 1),
(31, 183, '2024-10-25', '14:00:00', 1, 'teste', 8, 1),
(32, 183, '2024-10-25', '15:30:00', 1, 'teste2', 10, 1),
(33, 183, '2024-10-23', '10:00:00', 1, 'teste3', 28, 1),
(34, 183, '2024-10-25', '10:00:00', 1, 'teste4', 27, 1),
(35, 183, '2024-10-25', '10:00:00', 1, 'teste5', 11, 1),
(36, 183, '2024-10-23', '11:00:00', 1, 'teste6', 13, 1),
(37, 160, '2024-10-17', '08:00:00', 1, 'teste7', 31, 1),
(38, 160, '2024-10-07', '08:00:00', 1, 'aSD', 37, 1),
(39, 160, '2024-10-01', '09:00:00', 1, 'sdf', 10, 1),
(40, 165, '2024-10-23', '13:00:00', 1, 'sdf', 20, 1),
(41, 165, '2024-10-23', '12:00:00', 1, 'teste', 28, 1),
(42, 184, '2024-10-23', '14:00:00', 1, 'pallas', 1, 1),
(43, 113, '2024-11-07', '12:00:00', 1, 'apenas testando se o admin pode cadastrar', 8, 1),
(44, 166, '2024-11-14', '13:00:00', 1, 'testando com usuário agora', 14, 3),
(45, 116, '2024-11-05', '08:00:00', 1, 'teste', 14, 1),
(46, 165, '2024-11-06', '09:00:00', 1, 'teste user', 15, 1),
(47, 112, '2024-11-08', '12:30:00', 1, '', 22, 1),
(48, 113, '2024-10-09', '08:00:00', 1, '', 18, 1),
(49, 118, '2024-07-10', '09:00:00', 1, '', 14, 1),
(50, 116, '2024-11-21', '09:00:00', 1, '', 15, 1),
(51, 1, '2024-11-01', '09:00:00', 1, 'Primeiro agendamento para o veículo 1 do usuário 1', 1, 1),
(52, 2, '2024-11-01', '10:00:00', 1, 'Primeiro agendamento para o veículo 2 do usuário 2', 1, 1),
(53, 3, '2024-11-01', '11:00:00', 1, 'Primeiro agendamento para o veículo 3 do usuário 3', 1, 1),
(54, 4, '2024-11-01', '08:00:00', 1, 'Primeiro agendamento para o veículo 4 do usuário 4', 1, 1),
(55, 4, '2024-11-01', '09:30:00', 1, 'testando verificacao', 1, 1),
(56, 3, '2024-11-01', '09:30:00', 1, 'testando verificacao', 1, 1),
(57, 3, '2024-11-01', '09:30:00', 1, 'testando verificacao', 1, 1),
(58, 3, '2024-11-01', '09:30:00', 1, 'testando verificacao', 1, 1),
(59, 3, '2024-11-01', '11:31:00', 1, 'testando verificacao', 1, 1),
(60, 3, '2024-11-01', '10:30:00', 1, 'testando verificacao', 1, 1),
(61, 2, '2024-11-01', '13:00:00', 1, 'testando verificacao', 13, 1),
(62, 2, '2024-11-02', '12:00:00', 1, 'testando verificacao', 13, 1),
(63, 115, '2024-11-13', '15:00:00', 1, '', 8, 1),
(64, 2, '2024-11-12', '15:00:00', 1, '', 14, 1),
(65, 115, '2024-11-12', '15:00:00', 1, '', 8, 1),
(66, 2, '2024-11-27', '08:00:00', 1, 'testando verificacao', 1, 1),
(67, 62, '2024-11-19', '08:00:00', 1, '', 14, 1),
(68, 113, '2024-11-19', '08:00:00', 1, '', 12, 1),
(69, 2, '2024-11-27', '09:00:00', 1, 'testando verificacao', 1, 1),
(70, 2, '2024-11-28', '08:00:00', 1, 'testando verificacao', 1, 1),
(71, 113, '2024-11-04', '09:00:00', 1, '', 8, 1),
(72, 113, '2024-11-29', '08:00:00', 1, '', 8, 1),
(73, 114, '2024-11-29', '09:00:00', 1, '', 15, 1),
(74, 114, '2024-11-29', '11:00:00', 1, '', 14, 2),
(75, 62, '2024-11-26', '08:00:00', 1, '', 13, 1),
(76, 117, '2024-11-25', '08:30:00', 1, '', 13, 3),
(77, 117, '2024-11-25', '08:00:00', 1, '', 1, 3),
(78, 114, '2024-11-26', '14:00:00', 1, '', 1, 1),
(79, 114, '2024-11-25', '14:30:00', 1, '', 1, 3),
(80, 143, '2024-11-25', '15:00:00', 1, '', 19, 3),
(81, 148, '2024-11-25', '16:30:00', 1, '', 14, 3),
(82, 118, '2024-11-18', '08:00:00', 1, 'teste', 13, 3),
(83, 114, '2024-11-11', '08:00:00', 1, '', 1, 1);

-- --------------------------------------------------------

--
-- Estrutura para tabela `agenda_servicos`
--

CREATE TABLE `agenda_servicos` (
  `agend_serv_id` int(11) NOT NULL,
  `agend_id` int(11) NOT NULL,
  `serv_id` int(11) NOT NULL,
  `agend_serv_situ_id` int(11) NOT NULL
) ENGINE=InnoDB DEFAULT CHARSET=utf8 COLLATE=utf8_general_ci;

--
-- Despejando dados para a tabela `agenda_servicos`
--

INSERT INTO `agenda_servicos` (`agend_serv_id`, `agend_id`, `serv_id`, `agend_serv_situ_id`) VALUES
(1, 1, 1, 1),
(2, 1, 3, 1),
(3, 2, 2, 1),
(4, 2, 4, 1),
(5, 3, 5, 1),
(6, 3, 6, 1),
(7, 4, 7, 1),
(8, 4, 8, 1),
(9, 5, 9, 1),
(10, 5, 10, 1),
(11, 6, 11, 1),
(12, 6, 12, 1),
(13, 7, 13, 1),
(14, 7, 14, 1),
(15, 8, 15, 1),
(16, 8, 16, 1),
(17, 9, 17, 1),
(18, 9, 18, 1),
(19, 10, 19, 1),
(20, 10, 20, 1),
(21, 11, 21, 1),
(22, 11, 22, 1),
(23, 12, 23, 1),
(24, 12, 24, 1),
(25, 13, 25, 1),
(26, 13, 26, 1),
(27, 14, 27, 1),
(28, 14, 28, 1),
(29, 15, 29, 1),
(30, 15, 30, 1),
(31, 16, 31, 1),
(32, 16, 32, 1),
(33, 17, 33, 1),
(34, 17, 34, 1),
(35, 18, 35, 1),
(36, 18, 36, 1),
(37, 19, 37, 1),
(38, 19, 38, 1),
(39, 20, 39, 1),
(40, 20, 40, 1),
(41, 21, 1, 1),
(42, 21, 3, 1),
(43, 22, 2, 1),
(44, 22, 4, 1),
(45, 23, 5, 1),
(46, 23, 6, 1),
(47, 24, 7, 1),
(48, 24, 8, 1),
(49, 25, 9, 1),
(50, 25, 10, 1),
(51, 26, 11, 1),
(52, 26, 12, 1),
(53, 27, 13, 1),
(54, 27, 14, 1),
(55, 28, 15, 1),
(56, 28, 16, 1),
(57, 29, 17, 1),
(58, 29, 18, 1),
(59, 30, 19, 1),
(60, 30, 20, 1);

-- --------------------------------------------------------

--
-- Estrutura para tabela `agenda_servicos_situacao`
--

CREATE TABLE `agenda_servicos_situacao` (
  `agend_serv_situ_id` int(11) NOT NULL,
  `agend_serv_situ_nome` varchar(50) NOT NULL
) ENGINE=InnoDB DEFAULT CHARSET=utf8 COLLATE=utf8_general_ci;

--
-- Despejando dados para a tabela `agenda_servicos_situacao`
--

INSERT INTO `agenda_servicos_situacao` (`agend_serv_situ_id`, `agend_serv_situ_nome`) VALUES
(1, 'Pendente'),
(2, 'Em Andamento'),
(3, 'Concluído'),
(4, 'Cancelado');

-- --------------------------------------------------------

--
-- Estrutura para tabela `categorias`
--

CREATE TABLE `categorias` (
  `cat_id` int(11) NOT NULL,
  `cat_nome` varchar(50) NOT NULL,
  `cat_icone` varchar(128) DEFAULT NULL
) ENGINE=InnoDB DEFAULT CHARSET=utf8 COLLATE=utf8_general_ci;

--
-- Despejando dados para a tabela `categorias`
--

INSERT INTO `categorias` (`cat_id`, `cat_nome`, `cat_icone`) VALUES
(1, 'Caminhao', NULL),
(2, 'Carro', NULL),
(3, 'Moto', NULL);

-- --------------------------------------------------------

--
-- Estrutura para tabela `categorias_servicos`
--

CREATE TABLE `categorias_servicos` (
  `cat_serv_id` int(11) NOT NULL,
  `cat_serv_nome` varchar(60) NOT NULL,
  `cat_serv_visibilidade` tinyint(1) DEFAULT 1
) ENGINE=InnoDB DEFAULT CHARSET=utf8 COLLATE=utf8_general_ci;

--
-- Despejando dados para a tabela `categorias_servicos`
--

INSERT INTO `categorias_servicos` (`cat_serv_id`, `cat_serv_nome`, `cat_serv_visibilidade`) VALUES
(1, 'Lavagem e Higienizacao', 1),
(2, 'Polimento e Protecao da Pintura', 1),
(3, 'Cuidados com Vidros e Farois', 1),
(4, 'Cuidados com Rodas e Pneus', 1),
(5, 'Detalhamento Interno (tailing)', 1),
(6, 'Remocao de Odores', 1),
(7, 'Correcao de Pintura', 1),
(8, 'Customizacao', 1),
(9, 'Reparos Esteticos', 1),
(10, 'Servicos Adicionais', 1),
(21, 'teste', 1),
(22, 'teste2', 1);

-- --------------------------------------------------------

--
-- Estrutura para tabela `disponibilidade`
--

CREATE TABLE `disponibilidade` (
  `disp_id` int(11) NOT NULL,
  `disp_dia` char(3) NOT NULL,
  `disp_periodo` tinyint(4) NOT NULL,
  `disp_hr_ini` time NOT NULL,
  `disp_hr_fin` time NOT NULL
) ENGINE=InnoDB DEFAULT CHARSET=utf8 COLLATE=utf8_general_ci;

--
-- Despejando dados para a tabela `disponibilidade`
--

INSERT INTO `disponibilidade` (`disp_id`, `disp_dia`, `disp_periodo`, `disp_hr_ini`, `disp_hr_fin`) VALUES
(1, 'SEG', 1, '08:00:00', '12:00:00'),
(2, 'SEG', 2, '13:00:00', '17:00:00'),
(3, 'TER', 1, '08:00:00', '12:00:00'),
(4, 'TER', 2, '13:00:00', '17:00:00'),
(5, 'QUA', 1, '08:00:00', '12:00:00'),
(6, 'QUA', 2, '13:00:00', '17:00:00'),
(7, 'QUI', 1, '08:00:00', '12:00:00'),
(8, 'QUI', 2, '13:00:00', '17:00:00'),
(9, 'SEX', 1, '08:00:00', '12:00:00'),
(10, 'SEX', 2, '13:00:00', '17:00:00'),
(11, 'SAB', 1, '08:00:00', '12:00:00');

-- --------------------------------------------------------

--
-- Estrutura para tabela `indisponibilidade`
--

CREATE TABLE `indisponibilidade` (
  `indisp_id` int(11) NOT NULL,
  `indisp_data` date NOT NULL
) ENGINE=InnoDB DEFAULT CHARSET=utf8 COLLATE=utf8_general_ci;

--
-- Despejando dados para a tabela `indisponibilidade`
--

INSERT INTO `indisponibilidade` (`indisp_id`, `indisp_data`) VALUES
(1, '2024-01-01'),
(2, '2024-04-21'),
(3, '2024-05-01'),
(4, '2024-09-07'),
(5, '2024-10-12'),
(6, '2024-11-02'),
(7, '2024-11-15'),
(8, '2024-12-25');

-- --------------------------------------------------------

--
-- Estrutura para tabela `marcas`
--

CREATE TABLE `marcas` (
  `mar_id` int(11) NOT NULL,
  `mar_nome` varchar(50) NOT NULL,
  `mar_cod` int(11) NOT NULL,
  `mar_icone` varchar(128) DEFAULT NULL,
  `cat_id` int(11) DEFAULT NULL
) ENGINE=InnoDB DEFAULT CHARSET=utf8 COLLATE=utf8_general_ci;

--
-- Despejando dados para a tabela `marcas`
--

INSERT INTO `marcas` (`mar_id`, `mar_nome`, `mar_cod`, `mar_icone`, `cat_id`) VALUES
(1, 'CHEVROLET', 1, NULL, 1),
(2, 'VOLKSWAGEN', 2, NULL, 1),
(3, 'FIAT', 3, NULL, 1),
(4, 'MERCEDES-BENZ', 4, NULL, 1),
(5, 'CHANA', 6, NULL, 1),
(6, 'FORD', 13, NULL, 1),
(7, 'HYUNDAI', 14, NULL, 1),
(8, 'KIA', 16, NULL, 1),
(9, 'TOYOTA', 23, NULL, 1),
(10, 'RENAULT', 24, NULL, 1),
(11, 'AGRALE', 27, NULL, 1),
(12, 'VOLVO', 53, NULL, 1),
(13, 'ISUZU', 84, NULL, 1),
(14, 'IVECO', 85, NULL, 1),
(15, 'UTILITARIOS AGRICOLAS', 131, NULL, 1),
(16, 'TRAILER', 164, NULL, 1),
(17, 'RANDON', 167, NULL, 1),
(18, 'SCANIA', 242, NULL, 1),
(19, 'OUTROS (', 261, NULL, 1),
(20, 'ONIBUS (', 263, NULL, 1),
(21, 'UTILITARIOS PESADOS', 266, NULL, 1),
(22, 'MOTOR-HOME', 270, NULL, 1),
(23, 'MAN', 274, NULL, 1),
(24, 'NAVISTAR', 275, NULL, 1),
(25, 'SINOTRUK', 277, NULL, 1),
(26, 'SCHIFFER', 284, NULL, 1),
(27, 'GUERRA', 285, NULL, 1),
(28, 'MICHIGAN', 292, NULL, 1),
(29, 'CHEVROLET', 1, NULL, 2),
(30, 'VOLKSWAGEN', 2, NULL, 2),
(31, 'FIAT', 3, NULL, 2),
(32, 'MERCEDES-BENZ', 4, NULL, 2),
(33, 'CITROEN', 5, NULL, 2),
(34, 'CHANA', 6, NULL, 2),
(35, 'HONDA', 7, NULL, 2),
(36, 'SUBARU', 8, NULL, 2),
(37, 'FERRARI', 10, NULL, 2),
(38, 'BUGATTI', 11, NULL, 2),
(39, 'LAMBORGHINI', 12, NULL, 2),
(40, 'FORD', 13, NULL, 2),
(41, 'HYUNDAI', 14, NULL, 2),
(42, 'JAC', 15, NULL, 2),
(43, 'KIA', 16, NULL, 2),
(44, 'GURGEL', 17, NULL, 2),
(45, 'DODGE', 18, NULL, 2),
(46, 'CHRYSLER', 19, NULL, 2),
(47, 'BENTLEY', 20, NULL, 2),
(48, 'SSANGYONG', 21, NULL, 2),
(49, 'PEUGEOT', 22, NULL, 2),
(50, 'TOYOTA', 23, NULL, 2),
(51, 'RENAULT', 24, NULL, 2),
(52, 'ACURA', 25, NULL, 2),
(53, 'ADAMO', 26, NULL, 2),
(54, 'AGRALE', 27, NULL, 2),
(55, 'ALFA ROMEO', 28, NULL, 2),
(56, 'AMERICAR', 29, NULL, 2),
(57, 'ASTON MARTIN', 31, NULL, 2),
(58, 'AUDI', 32, NULL, 2),
(59, 'BEACH', 34, NULL, 2),
(60, 'BIANCO', 35, NULL, 2),
(61, 'BMW', 36, NULL, 2),
(62, 'BORGWARD', 37, NULL, 2),
(63, 'BRILLIANCE', 38, NULL, 2),
(64, 'BUICK', 41, NULL, 2),
(65, 'CBT', 42, NULL, 2),
(66, 'NISSAN', 43, NULL, 2),
(67, 'CHAMONIX', 44, NULL, 2),
(68, 'CHEDA', 46, NULL, 2),
(69, 'CHERY', 47, NULL, 2),
(70, 'CORD', 48, NULL, 2),
(71, 'COYOTE', 49, NULL, 2),
(72, 'CROSS LANDER', 50, NULL, 2),
(73, 'DAEWOO', 51, NULL, 2),
(74, 'DAIHATSU', 52, NULL, 2),
(75, 'VOLVO', 53, NULL, 2),
(76, 'DE SOTO', 54, NULL, 2),
(77, 'DETOMAZO', 55, NULL, 2),
(78, 'DELOREAN', 56, NULL, 2),
(79, 'DKW-VEMAG', 57, NULL, 2),
(80, 'SUZUKI', 59, NULL, 2),
(81, 'EAGLE', 60, NULL, 2),
(82, 'EFFA', 61, NULL, 2),
(83, 'ENGESA', 63, NULL, 2),
(84, 'ENVEMO', 64, NULL, 2),
(85, 'FARUS (', 65, NULL, 2),
(86, 'FERCAR', 66, NULL, 2),
(87, 'FNM', 68, NULL, 2),
(88, 'PONTIAC', 69, NULL, 2),
(89, 'PORSCHE', 70, NULL, 2),
(90, 'GEO', 72, NULL, 2),
(91, 'GRANCAR', 74, NULL, 2),
(92, 'GREAT WALL', 75, NULL, 2),
(93, 'HAFEI', 76, NULL, 2),
(94, 'HOFSTETTER', 78, NULL, 2),
(95, 'HUDSON', 79, NULL, 2),
(96, 'HUMMER', 80, NULL, 2),
(97, 'INFINITI', 82, NULL, 2),
(98, 'INTERNATIONAL', 83, NULL, 2),
(99, 'JAGUAR', 86, NULL, 2),
(100, 'JEEP', 87, NULL, 2),
(101, 'JINBEI', 88, NULL, 2),
(102, 'JPX', 89, NULL, 2),
(103, 'KAISER', 90, NULL, 2),
(104, 'KOENIGSEGG', 91, NULL, 2),
(105, 'LAUTOMOBILE', 92, NULL, 2),
(106, 'LAUTOCRAFT', 93, NULL, 2),
(107, 'LADA', 94, NULL, 2),
(108, 'LANCIA', 95, NULL, 2),
(109, 'LAND ROVER', 96, NULL, 2),
(110, 'LEXUS (', 97, NULL, 2),
(111, 'LIFAN', 98, NULL, 2),
(112, 'LINCOLN', 99, NULL, 2),
(113, 'LOBINI', 100, NULL, 2),
(114, 'LOTUS (', 101, NULL, 2),
(115, 'MAHINDRA', 102, NULL, 2),
(116, 'MASERATI', 104, NULL, 2),
(117, 'MATRA', 106, NULL, 2),
(118, 'MAYBACH', 107, NULL, 2),
(119, 'MAZDA', 108, NULL, 2),
(120, 'MENON', 109, NULL, 2),
(121, 'MERCURY', 110, NULL, 2),
(122, 'MITSUBISHI', 111, NULL, 2),
(123, 'MG', 112, NULL, 2),
(124, 'MINI', 113, NULL, 2),
(125, 'MIURA', 114, NULL, 2),
(126, 'MORRIS (', 115, NULL, 2),
(127, 'MP LAFER', 116, NULL, 2),
(128, 'MPLM', 117, NULL, 2),
(129, 'NEWTRACK', 118, NULL, 2),
(130, 'NISSIN', 119, NULL, 2),
(131, 'OLDSMOBILE', 120, NULL, 2),
(132, 'PAG', 121, NULL, 2),
(133, 'PAGANI', 122, NULL, 2),
(134, 'PLYMOUTH', 123, NULL, 2),
(135, 'PUMA', 124, NULL, 2),
(136, 'RENO', 125, NULL, 2),
(137, 'REVA-I', 126, NULL, 2),
(138, 'ROLLS-ROYCE', 127, NULL, 2),
(139, 'ROMI', 129, NULL, 2),
(140, 'SEAT', 130, NULL, 2),
(141, 'UTILITARIOS AGRICOLAS (', 131, NULL, 2),
(142, 'SHINERAY', 132, NULL, 2),
(143, 'SAAB', 137, NULL, 2),
(144, 'SHORT', 139, NULL, 2),
(145, 'SIMCA', 141, NULL, 2),
(146, 'SMART', 142, NULL, 2),
(147, 'SPYKER', 143, NULL, 2),
(148, 'STANDARD', 144, NULL, 2),
(149, 'STUDEBAKER', 145, NULL, 2),
(150, 'TAC', 146, NULL, 2),
(151, 'TANGER', 147, NULL, 2),
(152, 'TRIUMPH', 148, NULL, 2),
(153, 'TROLLER', 149, NULL, 2),
(154, 'UNIMOG', 150, NULL, 2),
(155, 'WIESMANN', 154, NULL, 2),
(156, 'CADILLAC', 155, NULL, 2),
(157, 'AM GEN', 156, NULL, 2),
(158, 'BUGGY', 157, NULL, 2),
(159, 'WILLYS OVERLAND', 158, NULL, 2),
(160, 'KASEA', 161, NULL, 2),
(161, 'SATURN', 162, NULL, 2),
(162, 'SWELL MINI', 163, NULL, 2),
(163, 'SKODA', 175, NULL, 2),
(164, 'KARMANN GHIA', 239, NULL, 2),
(165, 'KART', 254, NULL, 2),
(166, 'HANOMAG', 258, NULL, 2),
(167, 'OUTROS (', 261, NULL, 2),
(168, 'HILLMAN', 265, NULL, 2),
(169, 'HRG', 288, NULL, 2),
(170, 'GAIOLA', 295, NULL, 2),
(171, 'TATA', 338, NULL, 2),
(172, 'DITALLY', 341, NULL, 2),
(173, 'RELY', 345, NULL, 2),
(174, 'MCLAREN', 346, NULL, 2),
(175, 'GEELY', 534, NULL, 2),
(176, 'HONDA', 7, NULL, 3),
(177, 'AGRALE', 27, NULL, 3),
(178, 'BMW', 36, NULL, 3),
(179, 'SUZUKI', 59, NULL, 3),
(180, 'LIFAN', 98, NULL, 3),
(181, 'MAHINDRA', 102, NULL, 3),
(182, 'SHINERAY', 132, NULL, 3),
(183, 'KASINSKI', 133, NULL, 3),
(184, 'YAMAHA', 135, NULL, 3),
(185, 'GARINNI', 136, NULL, 3),
(186, 'SUNDOWN', 140, NULL, 3),
(187, 'KAWASAKI', 170, NULL, 3),
(188, 'POLARIS (', 171, NULL, 3),
(189, 'ADLY', 176, NULL, 3),
(190, 'AMAZONAS (', 177, NULL, 3),
(191, 'APRILIA', 178, NULL, 3),
(192, 'ATALA', 179, NULL, 3),
(193, 'BAJAJ', 180, NULL, 3),
(194, 'BENELLI', 181, NULL, 3),
(195, 'BETA', 182, NULL, 3),
(196, 'BIMOTA', 183, NULL, 3),
(197, 'BRANDY', 184, NULL, 3),
(198, 'BRAVA', 185, NULL, 3),
(199, 'BRP', 186, NULL, 3),
(200, 'BUELL', 187, NULL, 3),
(201, 'BUENO', 188, NULL, 3),
(202, 'CAGIVA', 190, NULL, 3),
(203, 'MOBILETE', 191, NULL, 3),
(204, 'DAELIM', 192, NULL, 3),
(205, 'DAFRA', 193, NULL, 3),
(206, 'DAYANG', 194, NULL, 3),
(207, 'DAYUN', 195, NULL, 3),
(208, 'DERBI', 196, NULL, 3),
(209, 'DUCATI', 197, NULL, 3),
(210, 'EMME', 198, NULL, 3),
(211, 'FYM', 200, NULL, 3),
(212, 'GAS GAS (', 201, NULL, 3),
(213, 'GREEN', 202, NULL, 3),
(214, 'HAOBAO', 203, NULL, 3),
(215, 'HARLEY-DAVIDSON', 204, NULL, 3),
(216, 'HARTFORD', 205, NULL, 3),
(217, 'HERO', 206, NULL, 3),
(218, 'HUSABERG', 207, NULL, 3),
(219, 'HUSQVARNA', 208, NULL, 3),
(220, 'IROS (', 209, NULL, 3),
(221, 'JIAPENG VOLCANO', 210, NULL, 3),
(222, 'JOHNNYPAG', 211, NULL, 3),
(223, 'JONNY', 212, NULL, 3),
(224, 'KAHENA', 213, NULL, 3),
(225, 'KIMCO', 214, NULL, 3),
(226, 'LAQUILA', 215, NULL, 3),
(227, 'LANDUM', 216, NULL, 3),
(228, 'LAVRALE', 217, NULL, 3),
(229, 'LERIVO', 218, NULL, 3),
(230, 'LON-V', 219, NULL, 3),
(231, 'TRICICLO', 220, NULL, 3),
(232, 'MALAGUTI', 221, NULL, 3),
(233, 'MIZA', 222, NULL, 3),
(234, 'MOTO GUZZI', 223, NULL, 3),
(235, 'MRX', 224, NULL, 3),
(236, 'MV AUGUSTA', 225, NULL, 3),
(237, 'MVK', 226, NULL, 3),
(238, 'ORCA', 227, NULL, 3),
(239, 'PEGASSI', 228, NULL, 3),
(240, 'PIAGGIO', 229, NULL, 3),
(241, 'REGAL RAPTOR', 230, NULL, 3),
(242, 'SANYANG', 231, NULL, 3),
(243, 'SIAMOTO', 232, NULL, 3),
(244, 'TARGOS (', 233, NULL, 3),
(245, 'TRAXX', 234, NULL, 3),
(246, 'VENTO', 235, NULL, 3),
(247, 'WUYANG', 236, NULL, 3),
(248, 'GARRA', 245, NULL, 3),
(249, 'X MOTOS (', 246, NULL, 3),
(250, 'TRICKER', 248, NULL, 3),
(251, 'LAMBRETA', 253, NULL, 3),
(252, 'OUTROS (', 261, NULL, 3),
(253, 'SCOOTER', 269, NULL, 3),
(254, 'ZONGSHEN', 281, NULL, 3),
(255, 'BIRELLI', 282, NULL, 3),
(256, 'WALK MACHINE', 294, NULL, 3),
(257, 'FBM', 297, NULL, 3),
(258, 'ARIEL', 299, NULL, 3),
(259, 'DUCAR', 340, NULL, 3),
(260, 'DITALLY', 341, NULL, 3),
(261, 'MARVA', 342, NULL, 3),
(262, 'WOLVER', 343, NULL, 3),
(263, 'KTM', 344, NULL, 3),
(264, 'LEOPARD', 347, NULL, 3),
(265, 'JAWA', 348, NULL, 3),
(266, 'BULL', 349, NULL, 3),
(267, 'CAN-AM', 358, NULL, 3),
(268, 'ACELLERA', 359, NULL, 3),
(269, 'VICTORY', 483, NULL, 3),
(270, 'INDIAN', 484, NULL, 3),
(271, 'BRAVAX', 532, NULL, 3),
(272, 'GARELLI', 533, NULL, 3),
(273, 'TESTE', 535, NULL, 2),
(274, 'TESTE 2', 535, NULL, 3);

-- --------------------------------------------------------

--
-- Estrutura para tabela `modelos`
--

CREATE TABLE `modelos` (
  `mod_id` int(11) NOT NULL,
  `mod_nome` varchar(60) NOT NULL,
  `mod_cod` int(11) NOT NULL,
  `mar_cod` int(11) NOT NULL,
  `mar_id` int(11) DEFAULT NULL
) ENGINE=InnoDB DEFAULT CHARSET=utf8 COLLATE=utf8_general_ci;

--
-- Despejando dados para a tabela `modelos`
--

INSERT INTO `modelos` (`mod_id`, `mod_nome`, `mod_cod`, `mar_cod`, `mar_id`) VALUES
(1, 'HR', 320, 14, 7),
(2, '1113', 734, 4, 4),
(3, '1214', 735, 4, 4),
(4, '1318', 736, 4, 4),
(5, '1519', 738, 4, 4),
(6, '1614', 739, 4, 4),
(7, '1620', 740, 4, 4),
(8, '7000D', 746, 27, 11),
(9, '709', 748, 4, 4),
(10, '710', 749, 4, 4),
(11, '912', 750, 4, 4),
(12, '2000', 753, 4, 4),
(13, 'TRAILER', 1452, 164, 16),
(14, 'F-12000', 1453, 13, 6),
(15, 'MASCARELLO', 1461, 2, 2),
(16, 'GRANMICRO', 1462, 2, 2),
(17, 'ONIBUS', 1482, 263, 20),
(18, 'GUINDASTE', 1483, 266, 21),
(19, 'EMPILHADEIRA', 1511, 266, 21),
(20, '112', 1519, 242, 18),
(21, '10000', 1521, 27, 11),
(22, '13000', 1522, 27, 11),
(23, '14000', 1523, 27, 11),
(24, '1600', 1524, 27, 11),
(25, '1800', 1525, 27, 11),
(26, '4500', 1526, 27, 11),
(27, '5000', 1527, 27, 11),
(28, '6000', 1528, 27, 11),
(29, '7000', 1529, 27, 11),
(30, '7500', 1530, 27, 11),
(31, '8000', 1531, 27, 11),
(32, '8500', 1532, 27, 11),
(33, '8700', 1533, 27, 11),
(34, '9200', 1534, 27, 11),
(35, 'D-12000', 1536, 1, 1),
(36, 'D-13000', 1537, 1, 1),
(37, 'D-14000', 1538, 1, 1),
(38, '19000', 1539, 1, 1),
(39, '21000', 1540, 1, 1),
(40, '22000', 1541, 1, 1),
(41, 'D-6000', 1542, 1, 1),
(42, 'C-60', 1543, 1, 1),
(43, 'D-40', 1544, 1, 1),
(44, 'D-60', 1545, 1, 1),
(45, 'D-70', 1546, 1, 1),
(46, 'JBC', 1549, 61, 82),
(47, 'N601', 1550, 61, 82),
(48, 'N900', 1551, 61, 82),
(49, '190', 1552, 3, 3),
(50, 'CARGO', 1626, 13, 6),
(51, 'F-11000', 1627, 13, 6),
(52, 'F-13000', 1629, 13, 6),
(53, 'F-14000', 1630, 13, 6),
(54, 'F-16000', 1631, 13, 6),
(55, 'F-19000', 1632, 13, 6),
(56, 'F-2000', 1633, 13, 6),
(57, 'F-21000', 1634, 13, 6),
(58, 'F-22000', 1635, 13, 6),
(59, 'F-350', 1636, 13, 6),
(60, 'F-4', 1637, 13, 6),
(61, 'F-4000', 1638, 13, 6),
(62, 'F-7000', 1639, 13, 6),
(63, 'F-MAXX', 1640, 13, 6),
(64, '12-170', 1641, 1, 1),
(65, '14-190', 1642, 1, 1),
(66, '15-190', 1643, 1, 1),
(67, '16-220', 1644, 1, 1),
(68, '3500', 1645, 1, 1),
(69, 'mai/90', 1646, 1, 1),
(70, '6-100', 1647, 1, 1),
(71, '6-150', 1648, 1, 1),
(72, '7-110', 1649, 1, 1),
(73, 'HD78', 1650, 14, 7),
(74, 'CITYCLASS', 1651, 85, 14),
(75, 'CURSOR', 1652, 85, 14),
(76, 'DAILY', 1653, 85, 14),
(77, 'EUROCARGO', 1661, 85, 14),
(78, 'EUROTECH', 1664, 85, 14),
(79, 'EUROTRAKKER', 1665, 85, 14),
(80, 'POWERSTAR', 1666, 85, 14),
(81, 'STRALIS', 1667, 85, 14),
(82, 'TECTOR', 1670, 85, 14),
(83, 'TRAKKER', 1671, 85, 14),
(84, 'VERTIS', 1672, 85, 14),
(85, 'TGX', 1673, 274, 23),
(86, '1114', 1679, 4, 4),
(87, '1215', 1681, 4, 4),
(88, '1218', 1682, 4, 4),
(89, '1414', 1684, 4, 4),
(90, '1420', 1686, 4, 4),
(91, '1714', 1687, 4, 4),
(92, '1720', 1689, 4, 4),
(93, '1721', 1690, 4, 4),
(94, '1723', 1691, 4, 4),
(95, '1938', 1693, 4, 4),
(96, '1944-S', 1694, 4, 4),
(97, '2038', 1695, 4, 4),
(98, '2418', 1696, 4, 4),
(99, '2423', 1697, 4, 4),
(100, '2638', 1699, 4, 4),
(101, '2726', 1700, 4, 4),
(102, '608', 1701, 4, 4),
(103, '708', 1702, 4, 4),
(104, '712', 1705, 4, 4),
(105, '914', 1707, 4, 4),
(106, 'ACCELO', 1709, 4, 4),
(107, 'ACTROS', 1710, 4, 4),
(108, 'ATEGO', 1711, 4, 4),
(109, 'ATILIS', 1712, 4, 4),
(110, 'ATRON', 1713, 4, 4),
(111, 'AXOR', 1714, 4, 4),
(112, 'L-1117', 1717, 4, 4),
(113, 'L-1118', 1718, 4, 4),
(114, 'L-1313', 1721, 4, 4),
(115, 'L-1314', 1722, 4, 4),
(116, 'L-1317', 1724, 4, 4),
(117, 'L-1319', 1726, 4, 4),
(118, 'L-1514', 1730, 4, 4),
(119, 'L-1517', 1732, 4, 4),
(120, '1520', 1735, 4, 4),
(121, 'L-2014', 1744, 4, 4),
(122, 'L-2017', 1745, 4, 4),
(123, 'L-2213', 1746, 4, 4),
(124, 'L-2214', 1747, 4, 4),
(125, 'L-2215', 1748, 4, 4),
(126, 'L-2216', 1749, 4, 4),
(127, 'L-2217', 1750, 4, 4),
(128, 'L-2220', 1752, 4, 4),
(129, 'L-2225', 1753, 4, 4),
(130, 'L-2314', 1754, 4, 4),
(131, 'L-2318', 1755, 4, 4),
(132, 'L-2325', 1756, 4, 4),
(133, '2635', 1757, 4, 4),
(134, 'LS-1632', 1771, 4, 4),
(135, 'LS-1941', 1780, 4, 4),
(136, 'DURASTAR', 1783, 275, 24),
(137, 'INTERNATIONAL', 1784, 275, 24),
(138, '7900', 1792, 124, 135),
(139, '9000', 1793, 124, 135),
(140, '914', 1794, 124, 135),
(141, 'R-112', 1795, 137, 143),
(142, 'R-142', 1796, 137, 143),
(143, 'T-112', 1797, 137, 143),
(144, 'T-142', 1798, 137, 143),
(145, '380', 1800, 242, 18),
(146, '400', 1801, 242, 18),
(147, '420', 1802, 242, 18),
(148, '440', 1803, 242, 18),
(149, '470', 1804, 242, 18),
(150, '480', 1805, 242, 18),
(151, '111', 1806, 242, 18),
(152, '141', 1807, 242, 18),
(153, '114', 1808, 242, 18),
(154, '230', 1810, 242, 18),
(155, 'P-250', 1811, 242, 18),
(156, 'P-270', 1812, 242, 18),
(157, 'P-310', 1813, 242, 18),
(158, 'P-340', 1814, 242, 18),
(159, '93', 1817, 242, 18),
(160, '94', 1818, 242, 18),
(161, '143', 1822, 242, 18),
(162, '164', 1823, 242, 18),
(163, 'R-500', 1830, 242, 18),
(164, 'R-560', 1831, 242, 18),
(165, 'R-580', 1832, 242, 18),
(166, 'R-620', 1833, 242, 18),
(167, 'HOWO', 1839, 277, 25),
(168, '11-130', 1840, 2, 2),
(169, '11-140', 1841, 2, 2),
(170, '12-170', 1842, 2, 2),
(171, '12-180', 1843, 2, 2),
(172, '13-130', 1844, 2, 2),
(173, '13-150', 1845, 2, 2),
(174, '13-170', 1846, 2, 2),
(175, '14-140', 1849, 2, 2),
(176, '14-150', 1850, 2, 2),
(177, '14-170', 1851, 2, 2),
(178, '14-180', 1852, 2, 2),
(179, '14-200', 1853, 2, 2),
(180, '14-210', 1854, 2, 2),
(181, '14-220', 1855, 2, 2),
(182, '15-170', 1856, 2, 2),
(183, '16-170', 1859, 2, 2),
(184, '16-200', 1860, 2, 2),
(185, '16-210', 1861, 2, 2),
(186, '16-220', 1862, 2, 2),
(187, '16-300', 1863, 2, 2),
(188, '17-180', 1864, 2, 2),
(189, '17-210', 1866, 2, 2),
(190, '17-220', 1867, 2, 2),
(191, '17-280', 1869, 2, 2),
(192, '17-300', 1870, 2, 2),
(193, '17-310', 1871, 2, 2),
(194, '17-330', 1873, 2, 2),
(195, '18-310', 1874, 2, 2),
(196, '19-330', 1876, 2, 2),
(197, '19-390', 1878, 2, 2),
(198, '22-140', 1879, 2, 2),
(199, '22-160', 1880, 2, 2),
(200, '22-210', 1881, 2, 2),
(201, '23-210', 1882, 2, 2),
(202, '23-220', 1883, 2, 2),
(203, '23-250', 1884, 2, 2),
(204, '23-310', 1885, 2, 2),
(205, '24-220', 1886, 2, 2),
(206, '24-280', 1888, 2, 2),
(207, '24-330', 1890, 2, 2),
(208, '25-390', 1893, 2, 2),
(209, '26-220', 1894, 2, 2),
(210, '26-280', 1896, 2, 2),
(211, '26-300', 1897, 2, 2),
(212, '26-310', 1898, 2, 2),
(213, '26-390', 1900, 2, 2),
(214, '31-280', 1902, 2, 2),
(215, '31-310', 1903, 2, 2),
(216, '31-330', 1905, 2, 2),
(217, '31-390', 1907, 2, 2),
(218, '35-300', 1908, 2, 2),
(219, '40-300', 1909, 2, 2),
(220, 'jun/80', 1912, 2, 2),
(221, 'jun/90', 1913, 2, 2),
(222, '7-100', 1914, 2, 2),
(223, '7-110', 1915, 2, 2),
(224, 'jul/90', 1916, 2, 2),
(225, '8-100', 1917, 2, 2),
(226, '8-120', 1918, 2, 2),
(227, '8-140', 1919, 2, 2),
(228, 'L-80', 1924, 2, 2),
(229, 'FH SERIES', 1925, 53, 12),
(230, 'FH GLOBETROTTER SERIES', 1926, 53, 12),
(231, 'FM SERIES', 1938, 53, 12),
(232, 'FMX SERIES', 1944, 53, 12),
(233, 'N SERIES', 1951, 53, 12),
(234, 'NH SERIES', 1953, 53, 12),
(235, 'NL SERIES', 1954, 53, 12),
(236, 'VM SERIES', 1956, 53, 12),
(237, '11-160', 1994, 2, 2),
(238, '12-140', 1995, 2, 2),
(239, '17-230', 1996, 2, 2),
(240, '24-230', 1997, 2, 2),
(241, '28-440', 1998, 2, 2),
(242, '29-440', 1999, 2, 2),
(243, '31-440', 2000, 2, 2),
(244, '33-440', 2001, 2, 2),
(245, '16-180', 2002, 2, 2),
(246, '17-240', 2003, 2, 2),
(247, '17-260', 2004, 2, 2),
(248, '18-320', 2005, 2, 2),
(249, '18-330', 2006, 2, 2),
(250, '15-210', 2007, 2, 2),
(251, '1516', 2016, 4, 4),
(252, '1935', 2018, 4, 4),
(253, '2555', 2019, 4, 4),
(254, '0-400', 2020, 4, 4),
(255, 'BI-TREM', 2021, 284, 26),
(256, 'BITREM', 2022, 285, 27),
(257, '1513', 2023, 4, 4),
(258, 'D-1200', 2024, 1, 1),
(259, 'F-3500', 2025, 13, 6),
(260, 'F-600', 2026, 13, 6),
(261, '2219', 2027, 4, 4),
(262, '1313', 2028, 4, 4),
(263, '35-10', 2029, 85, 14),
(264, 'MARTA-ROCHA', 2033, 1, 1),
(265, '1929', 2038, 4, 4),
(266, '124', 2042, 242, 18),
(267, '1618', 2051, 4, 4),
(268, '1934', 2052, 4, 4),
(269, '1924', 2053, 4, 4),
(270, '1634', 2054, 4, 4),
(271, 'F-400', 2060, 13, 6),
(272, 'MOTOR-HOME', 2062, 270, 22),
(273, 'PA CARREGADEIRA', 2064, 292, 28),
(274, 'MICRO-ONIBUS', 2085, 263, 20),
(275, '113', 2225, 242, 18),
(276, '1525', 2255, 4, 4),
(277, '2621', 2256, 4, 4),
(278, '210', 2297, 3, 3),
(279, '110', 2354, 242, 18),
(280, 'LK-140', 2355, 242, 18),
(281, 'L-80', 2357, 242, 18),
(282, 'B-110', 2358, 242, 18),
(283, 'BR-115', 2359, 242, 18),
(284, 'B-111', 2362, 242, 18),
(285, 'BR-116', 2363, 242, 18),
(286, '81', 2364, 242, 18),
(287, '82', 2365, 242, 18),
(288, '92', 2366, 242, 18),
(289, '142', 2367, 242, 18),
(290, '144', 2370, 242, 18),
(291, 'L-71', 2372, 242, 18),
(292, 'L-75', 2373, 242, 18),
(293, 'L-76', 2374, 242, 18),
(294, 'P-330', 2375, 242, 18),
(295, 'F-750', 2465, 13, 6),
(296, '1625', 2466, 4, 4),
(297, '2013', 2478, 4, 4),
(298, '312', 2483, 4, 4),
(299, '80S', 2488, 85, 14),
(300, 'F-6', 2490, 13, 6),
(301, '490', 2497, 242, 18),
(302, '180', 2504, 68, 87),
(303, '1622', 2506, 4, 4),
(304, '1524', 2507, 4, 4),
(305, '1630', 2512, 4, 4),
(306, '1932', 2513, 4, 4),
(307, '1316', 2531, 4, 4),
(308, '133', 2535, 242, 18),
(309, 'MATRA', 2538, 1, 1),
(310, '1111', 2539, 4, 4),
(311, 'COE', 2549, 1, 1),
(312, 'COE', 2550, 13, 6),
(313, '130', 2551, 3, 3),
(314, 'F-8', 2552, 13, 6),
(315, 'CONSTELLATION', 2577, 2, 2),
(316, 'DELIVERY', 2578, 2, 2),
(317, 'WORKER', 2579, 2, 2),
(318, '321', 2601, 4, 4),
(319, '1317', 2602, 4, 4),
(320, '180', 2603, 3, 3),
(321, 'ESCAVADEIRA', 2712, 266, 21),
(322, 'MUNCK', 2713, 266, 21),
(323, 'GUINCHO', 2714, 266, 21),
(324, 'CARREGADEIRA', 2715, 266, 21),
(325, 'MOTONIVELADORA', 2723, 266, 21),
(326, '2213', 2724, 4, 4),
(327, 'TANQUE', 2889, 266, 21),
(328, 'POLIGUINDASTE', 2892, 266, 21),
(329, '1621', 2893, 4, 4),
(330, 'F-8000', 2894, 13, 6),
(331, '24250', 2897, 274, 23),
(332, '1632', 2898, 4, 4),
(333, 'PERFURATRIZ', 2900, 266, 21),
(334, '180', 2919, 4, 4),
(335, '1517', 2920, 4, 4),
(336, 'C-65', 2929, 1, 1),
(337, 'D-11000', 2930, 1, 1),
(338, 'D-65', 2964, 1, 1),
(339, 'FL SERIES', 2971, 53, 12),
(340, 'INTEGRA', 1, 25, 52),
(341, 'LEGEND', 2, 25, 52),
(342, 'NSX', 3, 25, 52),
(343, 'MARRUA', 4, 27, 54),
(344, '145', 5, 28, 55),
(345, '147', 6, 28, 55),
(346, '155', 7, 28, 55),
(347, '156', 8, 28, 55),
(348, '164', 9, 28, 55),
(349, '166', 10, 28, 55),
(350, '2300', 11, 28, 55),
(351, 'SPIDER', 12, 28, 55),
(352, 'HUMMER', 13, 156, 157),
(353, 'AM-825', 14, 16, 43),
(354, 'HI-TOPIC', 15, 16, 43),
(355, 'ROCSTA', 16, 16, 43),
(356, 'TOPIC', 17, 16, 43),
(357, 'TOWNER', 18, 16, 43),
(358, '100', 19, 32, 58),
(359, '80', 20, 32, 58),
(360, 'A1', 21, 32, 58),
(361, 'A3', 22, 32, 58),
(362, 'A4 SEDAN', 23, 32, 58),
(363, 'A5 COUPE', 24, 32, 58),
(364, 'A6 SEDAN', 25, 32, 58),
(365, 'A7', 26, 32, 58),
(366, 'A8', 27, 32, 58),
(367, 'Q3', 30, 32, 58),
(368, 'Q5', 31, 32, 58),
(369, 'Q7', 32, 32, 58),
(370, 'R8', 33, 32, 58),
(371, 'RS3', 34, 32, 58),
(372, 'RS4', 35, 32, 58),
(373, 'RS5', 36, 32, 58),
(374, 'RS6', 37, 32, 58),
(375, 'S3', 38, 32, 58),
(376, 'S4 SEDAN', 39, 32, 58),
(377, 'S6 SEDAN', 40, 32, 58),
(378, 'S8', 41, 32, 58),
(379, 'TT', 42, 32, 58),
(380, 'TTS', 43, 32, 58),
(381, 'BUGGY', 86, 157, 158),
(382, 'DEVILLE', 87, 155, 156),
(383, 'ELDORADO', 88, 155, 156),
(384, 'SEVILLE', 89, 155, 156),
(385, 'JAVALI', 90, 42, 65),
(386, 'MINI STAR FAMILY', 92, 6, 34),
(387, 'MINI STAR UTILITY', 93, 6, 34),
(388, 'CIELO', 95, 47, 69),
(389, 'FACE', 96, 47, 69),
(390, 'QQ', 97, 47, 69),
(391, 'S-18', 98, 47, 69),
(392, 'TIGGO', 99, 47, 69),
(393, '300C', 100, 19, 46),
(394, 'CARAVAN', 101, 19, 46),
(395, 'CIRRUS', 102, 19, 46),
(396, 'GRAN CARAVAN', 103, 19, 46),
(397, 'LE BARON', 104, 19, 46),
(398, 'NEON', 105, 19, 46),
(399, 'PT CRUISER', 106, 19, 46),
(400, 'SEBRING', 107, 19, 46),
(401, 'STRATUS', 108, 19, 46),
(402, 'TOWN E COUNTRY', 109, 19, 46),
(403, 'VISION', 110, 19, 46),
(404, 'AIRCROSS', 111, 5, 33),
(405, 'AX', 112, 5, 33),
(406, 'BERLINGO', 113, 5, 33),
(407, 'BX', 114, 5, 33),
(408, 'C3', 115, 5, 33),
(409, 'C4', 116, 5, 33),
(410, 'C5', 117, 5, 33),
(411, 'C6', 118, 5, 33),
(412, 'C8', 119, 5, 33),
(413, 'DS3', 120, 5, 33),
(414, 'EVASION', 121, 5, 33),
(415, 'JUMPER', 122, 5, 33),
(416, 'XANTIA', 123, 5, 33),
(417, 'XM', 124, 5, 33),
(418, 'XSARA', 125, 5, 33),
(419, 'ZX', 126, 5, 33),
(420, 'CL-244', 127, 50, 72),
(421, 'CL-330', 128, 50, 72),
(422, 'ESPERO', 129, 51, 73),
(423, 'LANOS', 130, 51, 73),
(424, 'LEGANZA', 131, 51, 73),
(425, 'NUBIRA', 132, 51, 73),
(426, 'PRINCE', 133, 51, 73),
(427, 'RACER', 134, 51, 73),
(428, 'SUPER SALON', 135, 51, 73),
(429, 'TICO', 136, 51, 73),
(430, 'APPLAUSE', 137, 52, 74),
(431, 'CHARADE', 138, 52, 74),
(432, 'CUORE', 139, 52, 74),
(433, 'FEROZA', 140, 52, 74),
(434, 'GRAN MOVE', 141, 52, 74),
(435, 'MOVE VAN', 142, 52, 74),
(436, 'TERIOS', 143, 52, 74),
(437, 'AVENGER', 144, 18, 45),
(438, 'DAKOTA', 145, 18, 45),
(439, 'JOURNEY', 146, 18, 45),
(440, 'RAM', 147, 18, 45),
(441, 'STEALTH', 148, 18, 45),
(442, 'M-100', 151, 61, 82),
(443, 'PLUTUS', 152, 61, 82),
(444, 'START', 153, 61, 82),
(445, 'ULC', 155, 61, 82),
(446, 'ENGESA', 158, 63, 83),
(447, 'CAMPER', 159, 64, 84),
(448, 'MASTER', 160, 64, 84),
(449, '348', 161, 10, 37),
(450, '355', 162, 10, 37),
(451, '360', 163, 10, 37),
(452, '456', 164, 10, 37),
(453, '550', 165, 10, 37),
(454, '575M', 166, 10, 37),
(455, '612', 167, 10, 37),
(456, 'CALIFORNIA', 168, 10, 37),
(457, 'F430', 169, 10, 37),
(458, 'F599', 170, 10, 37),
(459, '147', 171, 3, 31),
(460, '500', 174, 3, 31),
(461, 'BRAVA', 175, 3, 31),
(462, 'BRAVO', 176, 3, 31),
(463, 'COUPE', 178, 3, 31),
(464, 'DOBLO', 179, 3, 31),
(465, 'DUCATO CARGO', 180, 3, 31),
(466, 'DUNA', 181, 3, 31),
(467, 'ELBA', 182, 3, 31),
(468, 'FIORINO', 183, 3, 31),
(469, 'FREEMONT', 184, 3, 31),
(470, 'GRAND SIENA', 185, 3, 31),
(471, 'IDEA', 186, 3, 31),
(472, 'LINEA', 187, 3, 31),
(473, 'MAREA', 188, 3, 31),
(474, 'OGGI', 189, 3, 31),
(475, 'PALIO', 190, 3, 31),
(476, 'PANORAMA', 191, 3, 31),
(477, 'PREMIO', 192, 3, 31),
(478, 'PUNTO', 193, 3, 31),
(479, 'SIENA', 194, 3, 31),
(480, 'STILO', 195, 3, 31),
(481, 'STRADA', 196, 3, 31),
(482, 'TEMPRA', 197, 3, 31),
(483, 'TIPO', 198, 3, 31),
(484, 'UNO', 199, 3, 31),
(485, 'AEROSTAR', 201, 13, 40),
(486, 'ASPIRE', 202, 13, 40),
(487, 'BELINA', 203, 13, 40),
(488, 'CLUB WAGON', 204, 13, 40),
(489, 'CONTOUR', 205, 13, 40),
(490, 'CORCEL II', 206, 13, 40),
(491, 'COURIER', 207, 13, 40),
(492, 'CROWN VICTORIA', 208, 13, 40),
(493, 'DEL REY', 209, 13, 40),
(494, 'ECOSPORT', 210, 13, 40),
(495, 'EDGE', 211, 13, 40),
(496, 'ESCORT', 212, 13, 40),
(497, 'EXPEDITION', 213, 13, 40),
(498, 'EXPLORER', 214, 13, 40),
(499, 'F-100', 215, 13, 40),
(500, 'F-1000', 216, 13, 40),
(501, 'F-150', 217, 13, 40),
(502, 'F-250', 218, 13, 40),
(503, 'FIESTA', 219, 13, 40),
(504, 'FOCUS', 220, 13, 40),
(505, 'FURGLAINE', 221, 13, 40),
(506, 'FUSION', 222, 13, 40),
(507, 'IBIZA', 223, 13, 40),
(508, 'KA', 224, 13, 40),
(509, 'MONDEO', 225, 13, 40),
(510, 'MUSTANG', 226, 13, 40),
(511, 'PAMPA', 227, 13, 40),
(512, 'PROBE', 228, 13, 40),
(513, 'RANGER', 229, 13, 40),
(514, 'VERSAILLES ROYALE', 230, 13, 40),
(515, 'TAURUS', 231, 13, 40),
(516, 'THUNDERBIRD', 232, 13, 40),
(517, 'TRANSIT', 233, 13, 40),
(518, 'VERONA', 234, 13, 40),
(519, 'VERSAILLES', 235, 13, 40),
(520, 'WINDSTAR', 236, 13, 40),
(521, 'A-10', 238, 1, 29),
(522, 'A-20', 239, 1, 29),
(523, 'AGILE', 240, 1, 29),
(524, 'ASTRA', 241, 1, 29),
(525, 'BLAZER', 242, 1, 29),
(526, 'BONANZA', 243, 1, 29),
(527, 'C-10', 245, 1, 29),
(528, 'C-20', 246, 1, 29),
(529, 'CALIBRA', 247, 1, 29),
(530, 'CAMARO', 248, 1, 29),
(531, 'CAPRICE', 249, 1, 29),
(532, 'CAPTIVA', 250, 1, 29),
(533, 'CARAVAN', 251, 1, 29),
(534, 'CAVALIER', 252, 1, 29),
(535, 'CELTA', 253, 1, 29),
(536, 'CHEVY', 255, 1, 29),
(537, 'CHEYNNE', 256, 1, 29),
(538, 'COBALT', 258, 1, 29),
(539, 'CORSA', 259, 1, 29),
(540, 'CORVETTE', 262, 1, 29),
(541, 'CRUZE', 263, 1, 29),
(542, 'D-10', 264, 1, 29),
(543, 'D-20', 265, 1, 29),
(544, 'IPANEMA', 266, 1, 29),
(545, 'KADETT', 267, 1, 29),
(546, 'LUMINA', 268, 1, 29),
(547, 'MALIBU', 269, 1, 29),
(548, 'MERIVA', 271, 1, 29),
(549, 'MONTANA', 272, 1, 29),
(550, 'OMEGA', 274, 1, 29),
(551, 'OPALA', 275, 1, 29),
(552, 'PRISMA', 276, 1, 29),
(553, 'S10', 277, 1, 29),
(554, 'SILVERADO', 280, 1, 29),
(555, 'SONIC', 281, 1, 29),
(556, 'SONOMA', 282, 1, 29),
(557, 'SPACEVAN', 283, 1, 29),
(558, 'SS10', 284, 1, 29),
(559, 'SUBURBAN', 285, 1, 29),
(560, 'SYCLONE', 287, 1, 29),
(561, 'TIGRA', 288, 1, 29),
(562, 'TRACKER', 289, 1, 29),
(563, 'TRAFIC', 290, 1, 29),
(564, 'VECTRA', 291, 1, 29),
(565, 'VERANEIO', 292, 1, 29),
(566, 'ZAFIRA', 293, 1, 29),
(567, 'HOVER', 294, 75, 92),
(568, 'BR-800', 295, 17, 44),
(569, 'CARAJAS', 296, 17, 44),
(570, 'TOCANTINS', 297, 17, 44),
(571, 'XAVANTE', 298, 17, 44),
(572, 'VIP', 299, 17, 44),
(573, 'TOWNER', 300, 76, 93),
(574, 'ACCORD', 301, 7, 35),
(575, 'CITY', 302, 7, 35),
(576, 'CIVIC', 303, 7, 35),
(577, 'CR-V', 304, 7, 35),
(578, 'FIT', 305, 7, 35),
(579, 'ODYSSEY', 306, 7, 35),
(580, 'PASSPORT', 307, 7, 35),
(581, 'PRELUDE', 308, 7, 35),
(582, 'ACCENT', 309, 14, 41),
(583, 'ATOS', 310, 14, 41),
(584, 'AZERA', 311, 14, 41),
(585, 'COUPE', 312, 14, 41),
(586, 'ELANTRA', 314, 14, 41),
(587, 'EXCEL', 315, 14, 41),
(588, 'GALLOPER', 316, 14, 41),
(589, 'GENESIS', 317, 14, 41),
(590, 'H1', 318, 14, 41),
(591, 'H100', 319, 14, 41),
(592, 'I30', 321, 14, 41),
(593, 'IX35', 323, 14, 41),
(594, 'MATRIX', 324, 14, 41),
(595, 'PORTER', 325, 14, 41),
(596, 'SANTA FE', 326, 14, 41),
(597, 'SCOUPE', 327, 14, 41),
(598, 'SONATA', 328, 14, 41),
(599, 'TERRACAN', 329, 14, 41),
(600, 'TRAJET', 330, 14, 41),
(601, 'TUCSON', 331, 14, 41),
(602, 'VELOSTER', 332, 14, 41),
(603, 'VERACRUZ', 333, 14, 41),
(604, 'AMIGO', 334, 84, 13),
(605, 'HOMBRE', 335, 84, 13),
(606, 'RODEO', 336, 84, 13),
(607, 'J3', 337, 15, 42),
(608, 'J5', 338, 15, 42),
(609, 'J6', 339, 15, 42),
(610, 'DAIMLER', 340, 86, 99),
(611, 'S-TYPE', 341, 86, 99),
(612, 'X-TYPE', 342, 86, 99),
(613, 'MODELOS XJ', 345, 86, 99),
(614, 'MODELOS XK', 352, 86, 99),
(615, 'CHEROKEE', 354, 87, 100),
(616, 'COMMANDER', 355, 87, 100),
(617, 'COMPASS', 356, 87, 100),
(618, 'GRAND CHEROKEE', 357, 87, 100),
(619, 'WRANGLER', 358, 87, 100),
(620, 'TOPIC VAN', 359, 88, 101),
(621, 'JIPE MONTEZ', 360, 89, 102),
(622, 'PICAPE MONTEZ', 361, 89, 102),
(623, 'BESTA', 362, 16, 43),
(624, 'BONGO', 363, 16, 43),
(625, 'CADENZA', 364, 16, 43),
(626, 'CARENS', 365, 16, 43),
(627, 'CARNIVAL', 366, 16, 43),
(628, 'CERATO', 367, 16, 43),
(629, 'CERES', 368, 16, 43),
(630, 'CLARUS', 369, 16, 43),
(631, 'MAGENTIS', 370, 16, 43),
(632, 'MOHAVE', 371, 16, 43),
(633, 'OPIRUS', 372, 16, 43),
(634, 'OPTIMA', 373, 16, 43),
(635, 'PICANTO', 374, 16, 43),
(636, 'SEPHIA', 375, 16, 43),
(637, 'SHUMA', 376, 16, 43),
(638, 'SORENTO', 377, 16, 43),
(639, 'SOUL', 378, 16, 43),
(640, 'SPORTAGE', 379, 16, 43),
(641, 'LAIKA', 380, 94, 107),
(642, 'NIVA', 381, 94, 107),
(643, 'SAMARA', 382, 94, 107),
(644, 'GALLARDO', 383, 12, 39),
(645, 'MURCIELAGO', 384, 12, 39),
(646, 'DEFENDER', 385, 96, 109),
(647, 'DISCOVERY', 386, 96, 109),
(648, 'FREELANDER', 389, 96, 109),
(649, 'NEW RANGE', 391, 96, 109),
(650, 'RANGE ROVER', 392, 96, 109),
(651, 'ES', 393, 97, 110),
(652, 'GS', 396, 97, 110),
(653, 'IS-300', 397, 97, 110),
(654, 'LS', 398, 97, 110),
(655, 'RX', 400, 97, 110),
(656, 'SC', 402, 97, 110),
(657, '320', 403, 98, 111),
(658, '620', 404, 98, 111),
(659, 'H1', 405, 100, 113),
(660, 'ELAN', 406, 101, 114),
(661, 'ESPRIT', 407, 101, 114),
(662, 'SCORPIO', 408, 102, 115),
(663, '222', 409, 104, 116),
(664, '228', 410, 104, 116),
(665, '3200', 411, 104, 116),
(666, '430', 412, 104, 116),
(667, 'COUPE', 413, 104, 116),
(668, 'GHIBLI', 414, 104, 116),
(669, 'GRANCABRIO', 415, 104, 116),
(670, 'GRANSPORT', 416, 104, 116),
(671, 'GRANTURISMO', 417, 104, 116),
(672, 'QUATTROPORTE', 418, 104, 116),
(673, 'SHAMAL', 419, 104, 116),
(674, 'SPIDER', 420, 104, 116),
(675, 'PICK-UP', 422, 106, 117),
(676, '323', 423, 108, 119),
(677, '626', 424, 108, 119),
(678, '929', 425, 108, 119),
(679, 'B-2500', 426, 108, 119),
(680, 'B2200', 427, 108, 119),
(681, 'MILLENIA', 428, 108, 119),
(682, 'MPV', 429, 108, 119),
(683, 'MX-3', 430, 108, 119),
(684, 'MX-5', 431, 108, 119),
(685, 'NAVAJO', 432, 108, 119),
(686, 'PROTEGE', 433, 108, 119),
(687, 'RX', 434, 108, 119),
(688, 'CLASSE A', 467, 4, 32),
(689, 'CLASSE B', 468, 4, 32),
(690, 'CLASSE R', 469, 4, 32),
(691, 'CLASSE GLK', 498, 4, 32),
(692, 'SPRINTER', 531, 4, 32),
(693, 'MYSTIQUE', 532, 110, 121),
(694, 'SABLE', 533, 110, 121),
(695, '550', 534, 112, 123),
(696, 'MG6', 535, 112, 123),
(697, 'COOPER', 536, 113, 124),
(698, 'ONE', 537, 113, 124),
(699, '3000', 538, 111, 122),
(700, 'AIRTREK', 539, 111, 122),
(701, 'ASX', 540, 111, 122),
(702, 'COLT', 541, 111, 122),
(703, 'DIAMANT', 542, 111, 122),
(704, 'ECLIPSE', 543, 111, 122),
(705, 'EXPO', 544, 111, 122),
(706, 'GALANT', 545, 111, 122),
(707, 'GRANDIS', 546, 111, 122),
(708, 'L200', 547, 111, 122),
(709, 'L300', 548, 111, 122),
(710, 'LANCER', 549, 111, 122),
(711, 'MIRAGE', 550, 111, 122),
(712, 'MONTERO', 551, 111, 122),
(713, 'OUTLANDER', 552, 111, 122),
(714, 'PAJERO', 553, 111, 122),
(715, 'SPACE WAGON', 554, 111, 122),
(716, 'BG-TRUCK', 555, 114, 125),
(717, '350Z', 556, 43, 66),
(718, 'ALTIMA', 557, 43, 66),
(719, 'AX', 558, 43, 66),
(720, 'D-21', 559, 43, 66),
(721, 'FRONTIER', 560, 43, 66),
(722, 'KING-CAB', 562, 43, 66),
(723, 'LIVINA', 563, 43, 66),
(724, 'MARCH', 564, 43, 66),
(725, 'MAXIMA', 565, 43, 66),
(726, 'MURANO', 567, 43, 66),
(727, 'NX', 568, 43, 66),
(728, 'PATHFINDER', 569, 43, 66),
(729, 'PRIMERA', 571, 43, 66),
(730, 'QUEST', 572, 43, 66),
(731, 'SENTRA', 573, 43, 66),
(732, 'STANZA', 574, 43, 66),
(733, '180SX', 575, 43, 66),
(734, 'TERRANO', 576, 43, 66),
(735, 'TIIDA', 577, 43, 66),
(736, 'VERSA', 578, 43, 66),
(737, 'X-TRAIL', 579, 43, 66),
(738, 'XTERRA', 580, 43, 66),
(739, 'ZX', 581, 43, 66),
(740, '106', 582, 22, 49),
(741, '205', 583, 22, 49),
(742, '206', 584, 22, 49),
(743, '207', 585, 22, 49),
(744, '3008', 586, 22, 49),
(745, '306', 587, 22, 49),
(746, '307', 588, 22, 49),
(747, '308', 589, 22, 49),
(748, '405', 590, 22, 49),
(749, '406', 591, 22, 49),
(750, '407', 592, 22, 49),
(751, '408', 593, 22, 49),
(752, '504', 594, 22, 49),
(753, '505', 595, 22, 49),
(754, '508', 596, 22, 49),
(755, '605', 597, 22, 49),
(756, '607', 598, 22, 49),
(757, '806', 599, 22, 49),
(758, '807', 600, 22, 49),
(759, 'BOXER', 601, 22, 49),
(760, 'HOGGAR', 602, 22, 49),
(761, 'PARTNER', 603, 22, 49),
(762, 'RCZ', 604, 22, 49),
(763, 'GRAN VOYAGER', 605, 123, 134),
(764, 'SUNDANCE', 606, 123, 134),
(765, 'TRANS-AM', 607, 69, 88),
(766, 'TRANS-SPORT', 608, 69, 88),
(767, '911', 609, 70, 89),
(768, 'BOXSTER', 612, 70, 89),
(769, 'CAYENNE', 613, 70, 89),
(770, 'CAYMAN', 614, 70, 89),
(771, 'PANAMERA', 615, 70, 89),
(772, '21 SEDAN', 617, 24, 51),
(773, 'CLIO', 618, 24, 51),
(774, 'DUSTER', 619, 24, 51),
(775, 'EXPRESS', 620, 24, 51),
(776, 'FLUENCE', 621, 24, 51),
(777, 'KANGOO', 622, 24, 51),
(778, 'LAGUNA', 623, 24, 51),
(779, 'LOGAN', 624, 24, 51),
(780, 'MASTER', 625, 24, 51),
(781, 'MEGANE', 626, 24, 51),
(782, 'SAFRANE', 627, 24, 51),
(783, 'SANDERO', 628, 24, 51),
(784, 'SCENIC', 629, 24, 51),
(785, 'SYMBOL', 630, 24, 51),
(786, 'TRAFIC', 631, 24, 51),
(787, 'TWINGO', 632, 24, 51),
(788, '9000', 634, 137, 143),
(789, 'SL-2', 635, 162, 161),
(790, 'CORDOBA', 636, 130, 140),
(791, 'IBIZA', 637, 130, 140),
(792, 'INCA', 638, 130, 140),
(793, 'FORTWO', 641, 142, 146),
(794, 'ACTYON SPORTS', 642, 21, 48),
(795, 'CHAIRMAN', 643, 21, 48),
(796, 'ISTANA', 644, 21, 48),
(797, 'KORANDO', 645, 21, 48),
(798, 'KYRON', 646, 21, 48),
(799, 'MUSSO', 647, 21, 48),
(800, 'REXTON', 648, 21, 48),
(801, 'FORESTER', 649, 8, 36),
(802, 'IMPREZA', 650, 8, 36),
(803, 'LEGACY', 651, 8, 36),
(804, 'OUTBACK', 652, 8, 36),
(805, 'SVX', 653, 8, 36),
(806, 'TRIBECA', 654, 8, 36),
(807, 'VIVIO', 655, 8, 36),
(808, 'BALENO', 656, 59, 80),
(809, 'GRAND VITARA', 657, 59, 80),
(810, 'IGNIS', 658, 59, 80),
(811, 'JIMNY', 660, 59, 80),
(812, 'SUPER CARRY', 662, 59, 80),
(813, 'SWIFT', 663, 59, 80),
(814, 'SX4', 664, 59, 80),
(815, 'VITARA', 665, 59, 80),
(816, 'WAGON R', 666, 59, 80),
(817, 'STARK', 667, 146, 150),
(818, 'AVALON', 668, 23, 50),
(819, 'BANDEIRANTE', 669, 23, 50),
(820, 'CAMRY', 670, 23, 50),
(821, 'CELICA', 671, 23, 50),
(822, 'COROLLA', 672, 23, 50),
(823, 'CORONA', 673, 23, 50),
(824, 'HILUX', 674, 23, 50),
(825, 'LAND CRUISER', 675, 23, 50),
(826, 'MR-2', 676, 23, 50),
(827, 'PASEO', 677, 23, 50),
(828, 'PREVIA', 678, 23, 50),
(829, 'RAV4', 679, 23, 50),
(830, 'SUPRA', 680, 23, 50),
(831, 'PANTANAL', 682, 149, 153),
(832, 'T-4', 684, 149, 153),
(833, '400 SERIES', 685, 53, 75),
(834, '850', 687, 53, 75),
(835, '900 SERIES', 688, 53, 75),
(836, 'AMAROK', 700, 2, 30),
(837, 'APOLLO', 701, 2, 30),
(838, 'BORA', 702, 2, 30),
(839, 'CARAVELLE', 703, 2, 30),
(840, 'CORRADO', 704, 2, 30),
(841, 'EOS', 706, 2, 30),
(842, 'EUROVAN', 707, 2, 30),
(843, 'FOX', 708, 2, 30),
(844, 'FUSCA', 709, 2, 30),
(845, 'GOL', 710, 2, 30),
(846, 'GOLF', 711, 2, 30),
(847, 'JETTA', 713, 2, 30),
(848, 'KOMBI', 714, 2, 30),
(849, 'LOGUS', 715, 2, 30),
(850, 'PARATI', 717, 2, 30),
(851, 'PASSAT', 718, 2, 30),
(852, 'POINTER', 719, 2, 30),
(853, 'POLO', 720, 2, 30),
(854, 'SANTANA', 722, 2, 30),
(855, 'SAVEIRO', 723, 2, 30),
(856, 'SPACEFOX', 725, 2, 30),
(857, 'TIGUAN', 726, 2, 30),
(858, 'TOUAREG', 727, 2, 30),
(859, 'VOYAGE', 729, 2, 30),
(860, 'ZDX', 732, 25, 52),
(861, '140', 737, 3, 31),
(862, 'BRASILIA', 755, 2, 30),
(863, 'BRASILVAN', 756, 13, 40),
(864, 'CORCEL', 775, 13, 40),
(865, 'PALIO WEEKEND', 803, 3, 31),
(866, 'FOCUS SEDAN', 806, 13, 40),
(867, 'FIESTA SEDAN', 807, 13, 40),
(868, 'FIESTA TRAIL', 808, 13, 40),
(869, '207 SW', 810, 22, 49),
(870, 'ESCORT SW', 811, 13, 40),
(871, '307 SEDAN', 812, 22, 49),
(872, '307 SW', 813, 22, 49),
(873, 'C4 PALLAS', 815, 5, 33),
(874, 'C4 PICASSO', 816, 5, 33),
(875, 'C4 VTR', 817, 5, 33),
(876, 'CLIO SEDAN', 818, 24, 51),
(877, 'COROLLA FIELDER', 819, 23, 50),
(878, 'HILUX SW4', 824, 23, 50),
(879, 'MEGANE GRAND TOUR', 825, 24, 51),
(880, 'SANDERO STEPWAY', 827, 24, 51),
(881, 'XSARA PICASSO', 829, 5, 33),
(882, 'COLHEITADEIRA', 1360, 131, 141),
(883, 'PICKUP F75', 1361, 158, 159),
(884, 'X12', 1362, 17, 44),
(885, 'BEL AIR', 1365, 1, 29),
(886, 'RX', 1366, 36, 61),
(887, 'C-14', 1369, 1, 29),
(888, 'SRX4', 1370, 155, 156),
(889, 'C-15', 1372, 1, 29),
(890, 'BRASIL', 1373, 1, 29),
(891, 'POLARA', 1377, 18, 45),
(892, '600', 1380, 3, 31),
(893, 'F-01', 1382, 13, 40),
(894, 'FALCON', 1383, 13, 40),
(895, 'GALAXIE', 1384, 13, 40),
(896, 'MAVERICK', 1386, 13, 40),
(897, 'MODELO A', 1387, 13, 40),
(898, 'NEW FIESTA', 1388, 13, 40),
(899, 'LINHA FX', 1389, 82, 97),
(900, 'GTS', 1391, 124, 135),
(901, 'H3', 1392, 80, 96),
(902, 'PRIME', 1394, 14, 41),
(903, 'TIBURON', 1395, 14, 41),
(904, 'JEEP', 1397, 87, 100),
(905, 'CJ5', 1398, 87, 100),
(906, 'TC', 1399, 239, 164),
(907, 'CLASSE CLC', 1404, 4, 32),
(908, 'CLASSE CLS', 1405, 4, 32),
(909, 'MONTEREY', 1408, 110, 121),
(910, 'TOPSPORT', 1411, 114, 125),
(911, 'TARGA', 1412, 114, 125),
(912, 'X8', 1414, 114, 125),
(913, '370Z', 1415, 43, 66),
(914, 'GTB', 1418, 124, 135),
(915, 'GTC', 1419, 124, 135),
(916, 'GTE', 1420, 124, 135),
(917, 'AUSTIN', 1421, 115, 126),
(918, '7TL', 1423, 24, 51),
(919, '19', 1424, 24, 51),
(920, 'CONVERSÍVEL', 1426, 175, 163),
(921, 'SUPERMINI', 1427, 17, 44),
(922, 'TL', 1428, 2, 30),
(923, 'TOPOLINO', 1429, 3, 31),
(924, 'SR5', 1430, 23, 50),
(925, 'VITZ', 1431, 23, 50),
(926, 'VARIANT', 1432, 2, 30),
(927, 'CANDANGO', 1454, 57, 79),
(928, 'SP2', 1460, 2, 30),
(929, 'RECORB', 1466, 258, 166),
(930, 'POLAUTO', 1467, 2, 30),
(931, 'GORDINI', 1508, 24, 51),
(932, 'MINX', 1509, 265, 168),
(933, 'ETIOS', 1971, 23, 50),
(934, 'ONIX', 1972, 1, 29),
(935, 'HB20', 1973, 14, 41),
(936, '330', 1975, 36, 61),
(937, '520', 1976, 36, 61),
(938, '730', 1978, 36, 61),
(939, 'M1', 1980, 36, 61),
(940, 'SERIE Z', 1982, 36, 61),
(941, 'CLASSE SLK', 1983, 4, 32),
(942, 'CLASSE C', 1984, 4, 32),
(943, 'CLASSE E', 1985, 4, 32),
(944, 'CLASSE CL', 1986, 4, 32),
(945, 'CLASSE CLK', 1987, 4, 32),
(946, 'CLASSE S', 1988, 4, 32),
(947, 'CLASSE SL', 1989, 4, 32),
(948, 'CLASSE SLS', 1990, 4, 32),
(949, 'CLASSE G', 1991, 4, 32),
(950, 'CLASSE GL', 1992, 4, 32),
(951, 'CLASSE M', 1993, 4, 32),
(952, '1500', 2032, 288, 169),
(953, 'EQUUS', 2061, 14, 41),
(954, '350 GT', 2067, 12, 39),
(955, '400 GT', 2068, 12, 39),
(956, 'MIURA', 2069, 12, 39),
(957, 'ISLERO', 2070, 12, 39),
(958, 'ESPADA', 2071, 12, 39),
(959, 'COUNTACH', 2072, 12, 39),
(960, 'DIABLO', 2073, 12, 39),
(961, 'ZAGATO', 2074, 12, 39),
(962, 'ALAR', 2075, 12, 39),
(963, 'LM002', 2076, 12, 39),
(964, 'REVENTON', 2077, 12, 39),
(965, 'ANKONIAN', 2078, 12, 39),
(966, 'AVENTADOR', 2080, 12, 39),
(967, 'SESTO ELEMENTO', 2081, 12, 39),
(968, 'J3 TURIN', 2082, 15, 42),
(969, 'J2', 2083, 15, 42),
(970, 'SANDERO GT', 2084, 24, 51),
(971, 'SPIN', 2087, 1, 29),
(972, 'TRAILBLAZER', 2088, 1, 29),
(973, 'C3 PICASSO', 2097, 5, 33),
(974, 'GRAND C4 PICASSO', 2098, 5, 33),
(975, 'JUMPER MINIBUS', 2099, 5, 33),
(976, 'JUMPER VETRATO', 2100, 5, 33),
(977, '207 SEDAN', 2101, 22, 49),
(978, '207 QUIKSILVER', 2102, 22, 49),
(979, '207 ESCAPADE', 2103, 22, 49),
(980, '308 CC', 2104, 22, 49),
(981, 'BOXER PASSAGEIRO', 2105, 22, 49),
(982, 'NEW FIESTA SEDAN', 2106, 13, 40),
(983, 'TRANSIT PASSAGEIRO', 2108, 13, 40),
(984, 'TRANSIT CHASSI', 2109, 13, 40),
(985, 'A4 AVANT', 2110, 32, 58),
(986, 'S4 AVANT', 2111, 32, 58),
(987, 'A5 SPORTBACK', 2112, 32, 58),
(988, 'A5 CABRIOLET', 2113, 32, 58),
(989, 'S5 COUPE', 2114, 32, 58),
(990, 'S5 SPORTBACK', 2115, 32, 58),
(991, 'S5 CABRIOLET', 2116, 32, 58),
(992, 'A6 AVANT', 2117, 32, 58),
(993, 'A6 ALLROAD', 2118, 32, 58),
(994, 'S6 AVANT', 2119, 32, 58),
(995, 'S7', 2120, 32, 58),
(996, 'TT ROADSTER', 2121, 32, 58),
(997, 'TT RS', 2122, 32, 58),
(998, 'TT RS ROADSTER', 2123, 32, 58),
(999, 'TTS ROADSTER', 2124, 32, 58),
(1000, 'R8 SPYDER', 2125, 32, 58),
(1001, 'R8 GT', 2126, 32, 58),
(1002, 'R8 GT SPYDER', 2127, 32, 58),
(1003, 'F12', 2129, 10, 37),
(1004, '458 SPIDER', 2130, 10, 37),
(1005, '458 ITALIA', 2131, 10, 37),
(1006, 'FF', 2132, 10, 37),
(1007, '599', 2133, 10, 37),
(1008, 'SA', 2134, 10, 37),
(1009, 'CHALLENGE', 2135, 10, 37),
(1010, 'SUPERAMERICA', 2136, 10, 37),
(1011, 'F430 SPIDER', 2137, 10, 37),
(1012, '430', 2138, 10, 37),
(1013, '612 SESSANTA', 2139, 10, 37),
(1014, '599 GTB', 2140, 10, 37),
(1015, 'SCUDERIA SPIDER', 2141, 10, 37),
(1016, '512', 2142, 10, 37),
(1017, '456 GT', 2143, 10, 37),
(1018, '348 GTS', 2144, 10, 37),
(1019, '348 SPIDER', 2145, 10, 37),
(1020, 'F355', 2146, 10, 37),
(1021, 'F355 SPIDER', 2147, 10, 37),
(1022, 'F50', 2148, 10, 37),
(1023, '355 SPIDER', 2149, 10, 37),
(1024, '360 MODENA', 2150, 10, 37),
(1025, 'PAJERO FULL', 2151, 111, 122),
(1026, 'PAJERO DAKAR', 2152, 111, 122),
(1027, 'PAJERO TR4', 2153, 111, 122),
(1028, 'LANCER SPORTBACK', 2154, 111, 122),
(1029, 'LANCER EVOLUTION', 2155, 111, 122),
(1030, 'L200 TRITON SAVANA', 2156, 111, 122),
(1031, 'L200 TRITON', 2157, 111, 122),
(1032, 'LIVINA X-GEAR', 2159, 43, 66),
(1033, 'GRAND LIVINA', 2160, 43, 66),
(1034, 'NEW ACTYON SPORTS', 2161, 21, 48),
(1035, 'PRIUS', 2162, 23, 50),
(1036, 'SPORT', 2163, 114, 125),
(1037, 'MTS', 2164, 114, 125),
(1038, 'SPIDER', 2165, 114, 125),
(1039, 'KABRIO', 2166, 114, 125),
(1040, 'SAGA', 2167, 114, 125),
(1041, 'SAGA II', 2168, 114, 125),
(1042, '787', 2169, 114, 125),
(1043, 'X11', 2170, 114, 125),
(1044, 'GAIOLA', 2171, 295, 170),
(1045, 'NITRO', 2175, 18, 45),
(1046, 'CHALLENGER', 2176, 18, 45),
(1047, 'DART', 2177, 18, 45),
(1048, 'LE BARON', 2178, 18, 45),
(1049, 'CORDOBA', 2179, 18, 45),
(1050, 'CHARGER', 2180, 18, 45),
(1051, 'WINDSOR', 2181, 19, 46),
(1052, 'CROSSFIRE', 2183, 19, 46),
(1053, 'CORDOBA', 2184, 19, 46),
(1054, 'ESCALADE', 2185, 155, 156),
(1055, 'RIVIERA', 2186, 41, 64),
(1056, 'COUPE', 2187, 41, 64),
(1057, 'CENTURY', 2188, 41, 64),
(1058, 'APOLLO', 2189, 41, 64),
(1059, 'CENTURION', 2190, 41, 64),
(1060, 'EIGHT', 2191, 41, 64),
(1061, 'ELECTRA', 2192, 41, 64),
(1062, 'ESTATE WAGON', 2193, 41, 64),
(1063, 'GRAN SPORT', 2194, 41, 64),
(1064, 'GSX', 2195, 41, 64),
(1065, 'INVICTA', 2196, 41, 64),
(1066, 'LESABRE', 2197, 41, 64),
(1067, 'LIMITED', 2198, 41, 64),
(1068, 'PARK AVENUE', 2199, 41, 64),
(1069, 'RAINIER', 2200, 41, 64),
(1070, 'REATTA', 2201, 41, 64),
(1071, 'REGAL', 2202, 41, 64),
(1072, 'RENDEZVOUS', 2203, 41, 64),
(1073, 'ROADMASTER', 2204, 41, 64),
(1074, 'ROYAUM', 2205, 41, 64),
(1075, 'SKYHAWK', 2206, 41, 64),
(1076, 'SKYLARK', 2207, 41, 64),
(1077, 'SOMERSET', 2208, 41, 64),
(1078, 'SPECIAL', 2209, 41, 64),
(1079, 'SPORT WAGON', 2210, 41, 64),
(1080, 'SUPER', 2211, 41, 64),
(1081, 'TERRAZA', 2212, 41, 64),
(1082, 'WILDCAT', 2213, 41, 64),
(1083, 'LACROSSE', 2214, 41, 64),
(1084, 'ENCLAVE', 2215, 41, 64),
(1085, 'GL8', 2217, 41, 64),
(1086, 'HRV', 2218, 41, 64),
(1087, 'LUCERNE', 2219, 41, 64),
(1088, 'SIERRA', 2230, 13, 40),
(1089, 'BROUGHAM', 2231, 51, 73),
(1090, 'CHAIRMAN', 2232, 51, 73),
(1091, 'DAMAS', 2233, 51, 73),
(1092, 'GENTRA', 2234, 51, 73),
(1093, 'MAEPSY', 2235, 51, 73),
(1094, 'ISTANA', 2236, 51, 73),
(1095, 'KALOS', 2237, 51, 73),
(1096, 'KORANDO', 2238, 51, 73),
(1097, 'LACETTI', 2239, 51, 73),
(1098, 'LEMANS', 2240, 51, 73),
(1099, 'MATIZ', 2242, 51, 73),
(1100, 'MUSSO', 2243, 51, 73),
(1101, 'NEXIA', 2244, 51, 73),
(1102, 'REZZO', 2245, 51, 73),
(1103, 'ROYALE PRINCE', 2246, 51, 73),
(1104, 'ROYALE SALON', 2247, 51, 73),
(1105, 'STATESMAN', 2248, 51, 73),
(1106, 'TOSCA', 2249, 51, 73),
(1107, 'WINSTORM', 2250, 51, 73),
(1108, 'RURAL', 2252, 158, 159),
(1109, 'D100', 2253, 18, 45),
(1110, '170', 2259, 4, 32),
(1111, 'CUSTOM ROYAL', 2261, 18, 45),
(1112, 'CLUB COUPE', 2262, 1, 29),
(1113, 'MAGNUM', 2263, 18, 45),
(1114, 'GMC 100', 2264, 1, 29),
(1115, 'SOLSTICE', 2265, 69, 88),
(1116, 'ITAMARATY', 2266, 158, 159),
(1117, 'MARK V', 2267, 86, 99),
(1118, 'GT', 2268, 124, 135),
(1119, 'CHAMPION', 2269, 145, 149),
(1120, 'BALILLA', 2270, 3, 31),
(1121, 'INTERLAGOS', 2271, 158, 159),
(1122, 'X15', 2272, 17, 44),
(1123, 'F-85', 2273, 13, 40),
(1124, 'SPEEDSTER 356', 2274, 70, 89),
(1125, 'TOPIC FURGAO', 2275, 88, 101),
(1126, 'TOPIC ESCOLAR', 2276, 88, 101),
(1127, '300D', 2279, 4, 32),
(1128, 'CLASSE TE', 2280, 4, 32),
(1129, 'T-100', 2283, 23, 50),
(1130, 'MEGANE SEDAN', 2294, 24, 51),
(1131, 'A4 CABRIOLET', 2295, 32, 58),
(1132, 'LINHA G', 2298, 82, 97),
(1133, 'LINHA G COUPE', 2299, 82, 97),
(1134, 'LINHA G CONVERSIVEL', 2300, 82, 97),
(1135, 'LINHA M', 2301, 82, 97),
(1136, 'LINHA EX', 2302, 82, 97),
(1137, 'LINHA JX', 2303, 82, 97),
(1138, 'LINHA QX', 2304, 82, 97),
(1139, 'MODELOS XF', 2305, 86, 99),
(1140, 'F-TYPE', 2306, 86, 99),
(1141, 'MARK VII', 2307, 86, 99),
(1142, 'MARK VIII', 2308, 86, 99),
(1143, 'MARK IX', 2309, 86, 99),
(1144, 'MARK X', 2310, 86, 99),
(1145, 'E-TYPE', 2311, 86, 99),
(1146, 'C-TYPE', 2312, 86, 99),
(1147, 'D-TYPE', 2313, 86, 99),
(1148, 'MARK I', 2314, 86, 99),
(1149, 'MARK II', 2315, 86, 99),
(1150, 'GT4R', 2346, 124, 135),
(1151, 'SPYDER', 2347, 124, 135),
(1152, 'GTI', 2348, 124, 135),
(1153, 'AM1', 2349, 124, 135),
(1154, 'AM2', 2350, 124, 135),
(1155, 'AM3', 2351, 124, 135),
(1156, 'AM4', 2352, 124, 135),
(1157, 'AMV', 2353, 124, 135),
(1158, 'ACTY', 2377, 7, 35),
(1159, 'AIRWAVE', 2378, 7, 35),
(1160, 'ASCOT', 2379, 7, 35),
(1161, 'BALLADE', 2380, 7, 35),
(1162, 'BEAT', 2381, 7, 35),
(1163, 'CR-X', 2382, 7, 35),
(1164, 'CONCERTO', 2383, 7, 35),
(1165, 'CR-Z', 2384, 7, 35),
(1166, 'DOMANI', 2385, 7, 35),
(1167, 'EDIX', 2386, 7, 35),
(1168, 'ELEMENT', 2387, 7, 35),
(1169, 'EV PLUS', 2388, 7, 35),
(1170, 'FCX', 2389, 7, 35),
(1171, 'FR-V', 2390, 7, 35),
(1172, 'HR-V', 2392, 7, 35),
(1173, 'HSC', 2393, 7, 35),
(1174, 'INSIGHT', 2394, 7, 35),
(1175, 'TL', 2396, 25, 52),
(1176, 'LIFE DUNK', 2397, 7, 35),
(1177, 'LOGO', 2398, 7, 35),
(1178, 'MOBILIO', 2399, 7, 35),
(1179, 'MDX', 2400, 25, 52),
(1180, 'ORTHIA', 2401, 7, 35),
(1181, 'PARTNER VAN', 2402, 7, 35),
(1182, 'PILOT', 2403, 7, 35),
(1183, 'RIDGELINE', 2404, 7, 35),
(1184, 'S2000', 2405, 7, 35),
(1185, 'S600', 2406, 7, 35),
(1186, 'S500', 2407, 7, 35),
(1187, 'S800', 2408, 7, 35),
(1188, 'STEPWGN', 2409, 7, 35),
(1189, 'STREAM', 2410, 7, 35),
(1190, 'THATS', 2411, 7, 35),
(1191, 'VAMOZ', 2412, 7, 35),
(1192, 'Z', 2413, 7, 35),
(1193, 'ZEST', 2414, 7, 35),
(1194, 'AERIO', 2441, 59, 80),
(1195, 'ALTO', 2442, 59, 80),
(1196, 'APV', 2443, 59, 80),
(1197, 'KEI', 2444, 59, 80),
(1198, 'LAPIN', 2445, 59, 80),
(1199, 'MR WAGON', 2446, 59, 80),
(1200, 'XL-7', 2447, 59, 80),
(1201, 'VERONA', 2448, 59, 80),
(1202, 'JEEP CJ', 2477, 158, 159),
(1203, '306 CABRIOLET', 2479, 22, 49),
(1204, 'BELCAR', 2484, 57, 79),
(1205, 'M715', 2485, 90, 103),
(1206, '407 SW', 2492, 22, 49),
(1207, '307 CC', 2493, 22, 49),
(1208, 'STYLELINE', 2499, 1, 29),
(1209, 'ANGLIA', 2500, 13, 40),
(1210, 'GT2', 2508, 26, 53),
(1211, 'YUKON', 2509, 1, 29),
(1212, 'SPORTSMAN', 2510, 54, 76),
(1213, '21 NEVADA', 2514, 24, 51),
(1214, 'VEYRON', 2515, 11, 38),
(1215, 'ENZO', 2516, 10, 37),
(1216, '306 SW', 2517, 22, 49),
(1217, 'TI 80', 2528, 28, 55),
(1218, 'SPYDER 550', 2532, 70, 89),
(1219, '380 GTB', 2533, 10, 37),
(1220, 'T-5', 2534, 149, 153),
(1221, 'KINGSWAY', 2536, 18, 45),
(1222, 'SSR', 2537, 1, 29),
(1223, 'IMPALA', 2540, 1, 29),
(1224, '208', 2541, 22, 49),
(1225, 'GRAND BLAZER', 2542, 1, 29),
(1226, '100 SERIES', 2555, 53, 75),
(1227, '200 SERIES', 2558, 53, 75),
(1228, '300 SERIES', 2559, 53, 75),
(1229, '66', 2561, 53, 75),
(1230, '700 SERIES', 2562, 53, 75),
(1231, 'AMAZON', 2563, 53, 75),
(1232, 'C303', 2564, 53, 75),
(1233, 'DUETT', 2566, 53, 75),
(1234, 'L3314', 2567, 53, 75),
(1235, 'OV 4', 2568, 53, 75),
(1236, 'P1800', 2569, 53, 75),
(1237, 'SUGGA', 2570, 53, 75),
(1238, 'TT', 2571, 13, 40),
(1239, 'ONCE', 2572, 5, 33),
(1240, 'DE LUXE', 2573, 13, 40),
(1241, 'CUSTOM', 2574, 13, 40),
(1242, 'T-BUCKET', 2575, 13, 40),
(1243, 'G15', 2576, 17, 44),
(1244, 'PAJERO FULL 3D', 2588, 111, 122),
(1245, 'PAJERO SPORT', 2589, 111, 122),
(1246, '120 CABRIO', 2590, 36, 61),
(1247, '320 TOURING', 2591, 36, 61),
(1248, '330 CABRIO', 2592, 36, 61),
(1249, 'SERIE 5 TOURING', 2593, 36, 61),
(1250, 'SERIE 6 CABRIO', 2594, 36, 61),
(1251, 'SERIE M CONVERSIVEL', 2595, 36, 61),
(1252, 'M5 TOURING', 2596, 36, 61),
(1253, 'SERIE Z ROADSTER', 2597, 36, 61),
(1254, 'KA SPORT', 2599, 13, 40),
(1255, 'CC', 2600, 2, 30),
(1256, 'CERATO KOUP', 2605, 16, 43),
(1257, 'ASTRO', 2607, 1, 29),
(1258, 'COROLLA XRS', 2608, 23, 50),
(1259, 'ETIOS SEDAN', 2609, 23, 50),
(1260, 'FREESTYLE', 2611, 13, 40),
(1261, 'COUGAR', 2612, 110, 121),
(1262, 'XUV 500', 2615, 102, 115),
(1263, 'XYLO', 2618, 102, 115),
(1264, 'BOLERO', 2619, 102, 115),
(1265, 'THAR', 2620, 102, 115),
(1266, 'AXE', 2621, 102, 115),
(1267, 'LEGEND', 2622, 102, 115),
(1268, 'CJ3', 2623, 87, 100),
(1269, 'ARMADA', 2624, 102, 115),
(1270, 'CHASSI', 2625, 102, 115),
(1271, 'SCORPIO PICK-UP', 2626, 102, 115),
(1272, 'STAR TRUCK', 2627, 6, 34),
(1273, 'STAR', 2628, 6, 34),
(1274, 'STAR VAN CARGO', 2629, 6, 34),
(1275, 'STAR VAN PASSAGEIROS', 2630, 6, 34),
(1276, 'ALVORADA', 2632, 141, 145),
(1277, 'CHAMBORD', 2633, 141, 145),
(1278, 'PROFISSIONAL', 2637, 141, 145),
(1279, 'VEDETTE', 2639, 141, 145),
(1280, 'ARONDE', 2640, 141, 145),
(1281, '1200S', 2641, 141, 145),
(1282, '1000', 2642, 141, 145),
(1283, 'HB20X', 2645, 14, 41),
(1284, 'HB20S', 2646, 14, 41),
(1285, 'MONZA', 2648, 1, 29),
(1286, 'CHEVETTE', 2649, 1, 29),
(1287, 'X60', 2650, 98, 111),
(1288, 'TRAX', 2651, 1, 29),
(1289, '118', 2652, 36, 61),
(1290, '120', 2653, 36, 61),
(1291, '130', 2654, 36, 61),
(1292, 'BAVARIA', 2655, 36, 61),
(1293, 'C-2800', 2656, 36, 61),
(1294, '318', 2657, 36, 61),
(1295, '320', 2658, 36, 61),
(1296, '318 CABRIO', 2659, 36, 61),
(1297, '325 CABRIO', 2660, 36, 61),
(1298, '530', 2661, 36, 61),
(1299, '540', 2662, 36, 61),
(1300, '550', 2663, 36, 61),
(1301, '740', 2664, 36, 61),
(1302, '750', 2665, 36, 61),
(1303, '760', 2666, 36, 61),
(1304, 'MATRIX 4X4', 2675, 341, 172),
(1305, 'A7', 2694, 132, 142),
(1306, 'A9', 2695, 132, 142),
(1307, 'A9 CARGO', 2696, 132, 142),
(1308, 'T20', 2697, 132, 142),
(1309, 'T20 BAU', 2698, 132, 142),
(1310, 'T22', 2699, 132, 142),
(1311, 'SUPER 90 COUPE', 2704, 64, 84),
(1312, 'X20', 2705, 17, 44),
(1313, 'ITAIPU', 2706, 17, 44),
(1314, 'G800', 2707, 17, 44),
(1315, 'XEF', 2708, 17, 44),
(1316, 'MOTOMACHINE', 2709, 17, 44),
(1317, 'BUGATO', 2710, 17, 44),
(1318, 'QT', 2711, 17, 44),
(1319, 'CAICARA', 2716, 57, 79),
(1320, 'CARCARA', 2717, 57, 79),
(1321, 'FISSORE', 2718, 57, 79),
(1322, 'MALZONI', 2719, 57, 79),
(1323, 'VEMAGUET', 2720, 57, 79),
(1324, 'C4 LOUNGE', 2727, 5, 33),
(1325, 'CX-7', 2728, 108, 119),
(1326, 'TR', 2729, 147, 151),
(1327, 'LUCENA', 2730, 147, 151),
(1328, 'SEVETSE', 2731, 147, 151),
(1329, 'RAGGE', 2732, 147, 151),
(1330, 'C70', 2733, 53, 75),
(1331, 'C30', 2734, 53, 75),
(1332, '544', 2735, 53, 75),
(1333, 'S40', 2736, 53, 75),
(1334, 'S60', 2737, 53, 75),
(1335, 'S70', 2738, 53, 75),
(1336, 'S80', 2739, 53, 75),
(1337, 'V40', 2740, 53, 75),
(1338, 'V50', 2741, 53, 75),
(1339, 'V60', 2742, 53, 75),
(1340, 'V70', 2743, 53, 75),
(1341, 'S90', 2744, 53, 75),
(1342, 'XC60', 2745, 53, 75),
(1343, 'XC70', 2746, 53, 75),
(1344, 'XC90', 2747, 53, 75),
(1345, 'P1900', 2748, 53, 75),
(1346, 'PV36', 2749, 53, 75),
(1347, 'PV444', 2750, 53, 75),
(1348, 'PV544', 2751, 53, 75),
(1349, 'PV51', 2752, 53, 75),
(1350, 'PV654', 2753, 53, 75),
(1351, 'C50', 2754, 53, 75),
(1352, '190', 2755, 4, 32),
(1353, 'CLASSE CLA', 2756, 4, 32),
(1354, 'CLASSE V', 2757, 4, 32),
(1355, 'VANEO', 2758, 4, 32),
(1356, 'CITAN', 2759, 4, 32),
(1357, 'VARIO', 2760, 4, 32),
(1358, 'CLASSE S CLASSICO', 2761, 4, 32),
(1359, 'J3S', 2809, 15, 42),
(1360, 'PICK-UP', 2810, 345, 173),
(1361, 'VAN', 2811, 345, 173),
(1362, 'C3 SOLARIS', 2823, 5, 33),
(1363, 'C3 XTR', 2824, 5, 33),
(1364, 'C4 SOLARIS', 2825, 5, 33),
(1365, 'C5 BREAK/TOURER', 2826, 5, 33),
(1366, 'XSARA BREAK', 2827, 5, 33),
(1367, 'XSARA VTS', 2828, 5, 33),
(1368, 'XANTIA BREAK', 2829, 5, 33),
(1369, 'XM BREAK', 2830, 5, 33),
(1370, 'C15', 2831, 5, 33),
(1371, 'NEMO', 2832, 5, 33),
(1372, 'VISA', 2833, 5, 33),
(1373, 'C1', 2834, 5, 33),
(1374, 'C2', 2835, 5, 33),
(1375, 'C3 PLURIEL', 2836, 5, 33),
(1376, 'DS4', 2837, 5, 33),
(1377, 'DS5', 2838, 5, 33),
(1378, 'JUMPY', 2839, 5, 33),
(1379, 'C-CROSSER', 2840, 5, 33),
(1380, 'C35', 2841, 5, 33),
(1381, 'C25', 2842, 5, 33),
(1382, 'CX', 2843, 5, 33),
(1383, 'CX BREAK', 2844, 5, 33),
(1384, 'AXEL', 2845, 5, 33),
(1385, 'DYANE', 2846, 5, 33),
(1386, 'GS/GSA', 2847, 5, 33),
(1387, 'GS/GSA BREAK', 2848, 5, 33),
(1388, 'MEHARI', 2849, 5, 33),
(1389, 'SAXO', 2850, 5, 33),
(1390, 'SM', 2851, 5, 33),
(1391, 'ELYSEE', 2852, 5, 33),
(1392, 'MASTER MINIBUS', 2853, 24, 51),
(1393, 'CELER', 2854, 47, 69),
(1394, 'CELER SEDAN', 2855, 47, 69),
(1395, 'CIELO SEDAN', 2856, 47, 69),
(1396, 'A1 SPORTBACK', 2857, 32, 58),
(1397, 'A1 QUATTRO', 2858, 32, 58),
(1398, 'A3 SPORTBACK', 2859, 32, 58),
(1399, 'RS4 AVANT', 2860, 32, 58),
(1400, 'A8L W12', 2861, 32, 58),
(1401, 'R8 V10', 2862, 32, 58),
(1402, 'RANGER CD', 2863, 13, 40),
(1403, 'T140', 2864, 15, 42),
(1404, 'X1', 2865, 36, 61),
(1405, 'X3', 2866, 36, 61),
(1406, 'X5', 2867, 36, 61),
(1407, 'X6', 2868, 36, 61),
(1408, '840', 2869, 36, 61),
(1409, '850', 2870, 36, 61),
(1410, '645', 2871, 36, 61),
(1411, '650', 2872, 36, 61),
(1412, 'FIT TWIST', 2874, 7, 35),
(1413, 'MP4', 2876, 346, 174),
(1414, 'F1', 2877, 346, 174),
(1415, 'MONDEO SW', 2878, 13, 40),
(1416, 'ESCORT SEDAN', 2879, 13, 40),
(1417, 'ESCORT CONVERSIVEL', 2880, 13, 40),
(1418, 'MX-6', 2881, 108, 119),
(1419, 'CORISCO', 2884, 1, 29),
(1420, 'CHEVELLE', 2885, 1, 29),
(1421, 'EXCURSION', 2886, 13, 40),
(1422, 'TOURAN', 2887, 2, 30),
(1423, 'F-10000', 2890, 13, 40),
(1424, 'HOGGAR ESCAPADE', 2891, 22, 49),
(1425, 'PHAETON', 2901, 13, 40),
(1426, 'TRANSPORTER', 2913, 2, 30),
(1427, 'GRAND BESTA', 2914, 16, 43),
(1428, '200SX', 2915, 43, 66),
(1429, '240SX', 2916, 43, 66),
(1430, '300M', 2921, 19, 46),
(1431, '300C TOURING', 2922, 19, 46),
(1432, 'TORINO', 2928, 13, 40),
(1433, 'VENTURE', 2931, 1, 29),
(1434, 'FLEETLINE', 2932, 1, 29),
(1435, 'FLEETMASTER', 2933, 1, 29),
(1436, 'DELUXE', 2934, 1, 29),
(1437, 'ESCORT XR3', 2936, 13, 40),
(1438, 'MASTER', 2937, 1, 29),
(1439, 'TORONADO', 2938, 120, 131),
(1440, 'SIX', 2939, 120, 131),
(1441, 'EIGHT', 2940, 120, 131),
(1442, 'DELUXE', 2941, 120, 131),
(1443, 'SERIES 60', 2942, 120, 131),
(1444, 'SERIES 70', 2943, 120, 131),
(1445, 'SERIES 80', 2944, 120, 131),
(1446, 'SERIES 90', 2945, 120, 131),
(1447, 'STARFIRE', 2946, 120, 131),
(1448, '442', 2947, 120, 131),
(1449, 'CUTLASS', 2948, 120, 131),
(1450, 'CUTLASS SUPREME', 2949, 120, 131),
(1451, 'CUTLASS SALON', 2950, 120, 131),
(1452, 'CUTLASS CALAIS', 2951, 120, 131),
(1453, 'CUTLASS CIERA', 2952, 120, 131),
(1454, 'CUSTOM CRUISER', 2953, 120, 131),
(1455, 'VISTA CRUISER', 2954, 120, 131),
(1456, 'F-85', 2955, 120, 131),
(1457, 'FIRENZA', 2957, 120, 131),
(1458, 'ACHIEVA', 2958, 120, 131),
(1459, 'ALERO', 2959, 120, 131),
(1460, 'AURORA', 2960, 120, 131),
(1461, 'BRAVADA', 2961, 120, 131),
(1462, 'INTRIGUE', 2962, 120, 131),
(1463, 'SILHOUETTE', 2963, 120, 131),
(1464, 'SUPERBIRD', 2972, 123, 134),
(1465, 'FURY', 2973, 123, 134),
(1466, 'SPECIAL', 2974, 123, 134),
(1467, 'PROWLER', 2975, 123, 134),
(1468, 'TRAIL DUSTER', 2976, 123, 134),
(1469, 'VOYAGER', 2977, 123, 134),
(1470, 'SCAMP', 2978, 123, 134),
(1471, 'ARROW', 2979, 123, 134),
(1472, 'PT50', 2980, 123, 134),
(1473, 'PT57', 2981, 123, 134),
(1474, 'PT81', 2982, 123, 134),
(1475, 'PT105', 2983, 123, 134),
(1476, 'PT125', 2984, 123, 134),
(1477, 'EXPRESS', 2985, 123, 134),
(1478, 'VOYAGER EXPRESSO', 2986, 123, 134),
(1479, 'NEON', 2987, 123, 134),
(1480, 'LASER', 2988, 123, 134),
(1481, 'CARAVELLE', 2989, 123, 134),
(1482, 'STATION WAGON', 2990, 123, 134),
(1483, 'MODEL Q', 2991, 123, 134),
(1484, 'MODEL P6', 2992, 123, 134),
(1485, 'DB9 COUPE', 2993, 31, 57),
(1486, 'DB9 VOLANTE', 2994, 31, 57),
(1487, 'VIRAGE COUPE', 2995, 31, 57),
(1488, 'RAPIDE S', 2996, 31, 57),
(1489, 'V12 VANTAGE', 2997, 31, 57),
(1490, 'V8 VANTAGE COUPE', 2998, 31, 57),
(1491, 'V8 VANTAGE ROADSTER', 2999, 31, 57),
(1492, 'V8 VANTAGE S COUPE', 3000, 31, 57),
(1493, 'V8 VANTAGE S ROADSTER', 3001, 31, 57),
(1494, 'VANQUISH COUPE', 3002, 31, 57),
(1495, 'VANQUISH VOLANTE', 3003, 31, 57),
(1496, 'V12 ZAGATO', 3004, 31, 57),
(1497, 'DB5', 3005, 31, 57),
(1498, 'DBS', 3007, 31, 57),
(1499, 'DBS VOLANTE', 3008, 31, 57),
(1500, 'CYGNET', 3009, 31, 57),
(1501, 'ONE-77', 3010, 31, 57),
(1502, 'DBR9', 3011, 31, 57),
(1503, 'M3', 3013, 36, 61),
(1504, 'M5', 3014, 36, 61),
(1505, 'M6', 3015, 36, 61),
(1506, 'X6 M', 3016, 36, 61),
(1507, 'CABRIO', 3017, 113, 124),
(1508, 'COUPE', 3018, 113, 124),
(1509, 'ROADSTER', 3019, 113, 124),
(1510, 'COUNTRYMAN', 3020, 113, 124),
(1511, 'PACEMAN', 3021, 113, 124),
(1512, 'JOHN COOPER WORKS', 3022, 113, 124),
(1513, 'ZONDA', 3023, 122, 133),
(1514, 'NEW XV', 3024, 8, 36),
(1515, 'IMPREZA WRX HATCH', 3025, 8, 36),
(1516, 'IMPREZA WRX STI HATCH', 3026, 8, 36),
(1517, 'IMPREZA WRX STI SEDAN', 3027, 8, 36),
(1518, 'IMPREZA WRX SEDAN', 3028, 8, 36),
(1519, 'ETIOS CROSS', 3030, 23, 50),
(1520, 'HURACAN', 3031, 12, 39),
(1521, 'UP', 3032, 2, 30),
(1522, 'EXPLORER', 3080, 195, 207),
(1523, 'FORTWO CABRIO', 4964, 142, 146),
(1524, 'GT', 4969, 26, 53),
(1525, 'GTL', 4970, 26, 53),
(1526, 'GTM', 4971, 26, 53),
(1527, 'C2', 4972, 26, 53),
(1528, 'CRX', 4973, 26, 53),
(1529, 'AC 2000', 4974, 26, 53),
(1530, 'AVIATOR', 4975, 99, 112),
(1531, 'BLACKWOOD', 4976, 99, 112),
(1532, 'CAPRI', 4977, 99, 112),
(1533, 'CONTINENTAL', 4978, 99, 112),
(1534, 'LS', 4979, 99, 112),
(1535, 'MARK', 4980, 99, 112),
(1536, 'MARK LT', 4981, 99, 112),
(1537, 'MKR', 4982, 99, 112),
(1538, 'MKS', 4983, 99, 112),
(1539, 'MKX', 4984, 99, 112),
(1540, 'MKZ', 4985, 99, 112),
(1541, 'NAVIGATOR', 4986, 99, 112),
(1542, 'PREMIERE', 4987, 99, 112),
(1543, 'TOWN CAR', 4988, 99, 112),
(1544, 'VERSAILLES', 4989, 99, 112),
(1545, 'ZEPHYR', 4990, 99, 112),
(1546, 'CLASSIC', 4991, 1, 29),
(1547, 'ACTYON', 4992, 21, 48),
(1548, 'MARAJO', 5003, 1, 29),
(1549, 'SUPREMA', 5004, 1, 29),
(1550, 'NEW BEETLE', 5005, 2, 30),
(1551, 'QUANTUM', 5006, 2, 30),
(1552, 'CROSSFOX', 5007, 2, 30),
(1553, 'MILLE', 5008, 3, 31),
(1554, 'GC2', 5009, 534, 175),
(1555, 'EC7', 5010, 534, 175),
(1556, '530', 5011, 98, 111),
(1557, 'MOBI', 5012, 3, 31),
(1558, 'TORO', 5013, 3, 31),
(1559, 'RENEGADE', 5014, 87, 100),
(1560, 'DUSTER OROCH', 5015, 24, 51),
(1561, 'SANDERO RS', 5016, 24, 51),
(1562, 'HB20R', 5017, 14, 41),
(1563, 'GRAND SANTA FE', 5018, 14, 41),
(1564, 'GOLF VARIANT', 5019, 2, 30),
(1565, 'SPACE CROSS', 5020, 2, 30),
(1566, '2008', 5021, 22, 49),
(1567, 'QUORIS', 5022, 16, 43),
(1568, 'GRAND CARNIVAL', 5023, 16, 43),
(1569, 'T8', 5024, 15, 42),
(1570, 'T6', 5025, 15, 42),
(1571, 'T5', 5026, 15, 42),
(1572, 'KA SEDAN', 5027, 13, 40),
(1573, 'FOCUS FASTBACK', 5028, 13, 40),
(1574, 'BIZ', 754, 7, 176),
(1575, 'CB 300R', 761, 7, 176),
(1576, 'CB 400', 763, 7, 176),
(1577, 'CB 500', 764, 7, 176),
(1578, 'CB 600 HORNET', 765, 7, 176),
(1579, 'CBR 1000F', 766, 7, 176),
(1580, 'FIREBLADE CBR', 767, 7, 176),
(1581, 'CBR 450', 768, 7, 176),
(1582, 'CBR 600', 769, 7, 176),
(1583, 'TWISTER CBX 250', 771, 7, 176),
(1584, 'CBX 750F', 772, 7, 176),
(1585, 'CG FAN', 773, 7, 176),
(1586, 'CG TITAN', 774, 7, 176),
(1587, 'CRYPTON T115', 777, 135, 184),
(1588, 'CRZ', 778, 133, 183),
(1589, 'V-STROM DL', 779, 59, 179),
(1590, 'DT 200', 780, 135, 184),
(1591, 'ELEFANTRE', 781, 27, 177),
(1592, 'FUTURE', 783, 140, 186),
(1593, 'GR 500', 785, 136, 185),
(1594, 'GRI 50', 786, 136, 185),
(1595, 'GSX', 787, 59, 179),
(1596, 'GSX-R GIXXER/SRAD', 788, 59, 179),
(1597, 'FAZER YS250', 791, 135, 184),
(1598, 'FACTOR YBR125', 792, 135, 184),
(1599, 'YZF R1', 796, 135, 184),
(1600, 'VIRAGO 250', 800, 135, 184),
(1601, 'CITY', 833, 27, 177),
(1602, 'DAKAR', 834, 27, 177),
(1603, 'ELEFANT', 835, 27, 177),
(1604, 'FORCE', 836, 27, 177),
(1605, 'JUNIOR', 837, 27, 177),
(1606, 'SST', 838, 27, 177),
(1607, 'SUPER CITY', 839, 27, 177),
(1608, 'SXT', 840, 27, 177),
(1609, 'TCHAU', 841, 27, 177),
(1610, 'AME-110', 842, 177, 190),
(1611, 'AME-150', 843, 177, 190),
(1612, 'AME-250', 844, 177, 190),
(1613, 'AME-LX', 845, 177, 190),
(1614, 'AREA-51', 846, 178, 191),
(1615, 'CLASSIC', 847, 178, 191),
(1616, 'LEONARDO', 848, 178, 191),
(1617, 'MOTO', 849, 178, 191),
(1618, 'PEGASO', 850, 178, 191),
(1619, 'RALLY', 851, 178, 191),
(1620, 'RS', 852, 178, 191),
(1621, 'RSV MILLE', 853, 178, 191),
(1622, 'RX', 854, 178, 191),
(1623, 'SCARABEO', 855, 178, 191),
(1624, 'SONIC', 858, 178, 191),
(1625, 'SR RACING', 859, 178, 191),
(1626, 'SR WWW', 860, 178, 191),
(1627, 'CALIFFONE', 861, 179, 192),
(1628, 'MASTER', 862, 179, 192),
(1629, 'SKEGIA', 863, 179, 192),
(1630, 'CHAMPION', 864, 180, 193),
(1631, 'CLASSIC', 865, 180, 193),
(1632, 'TNT', 866, 181, 194),
(1633, 'TRE', 869, 181, 194),
(1634, 'MX-50', 870, 182, 195),
(1635, 'DB4', 872, 183, 196),
(1636, 'DB5R', 873, 183, 196),
(1637, 'DB6', 874, 183, 196),
(1638, 'DB6R', 875, 183, 196),
(1639, 'DB7', 876, 183, 196),
(1640, 'MANTRA', 877, 183, 196),
(1641, 'SBR8', 878, 183, 196),
(1642, 'TESI', 879, 183, 196),
(1643, 'G650GS', 882, 36, 178),
(1644, 'S1000RR', 891, 36, 178),
(1645, 'ELEGANT', 892, 184, 197),
(1646, 'FOSTI', 893, 184, 197),
(1647, 'PISTA', 894, 184, 197),
(1648, 'TURBO', 895, 184, 197),
(1649, 'ZANELLA', 896, 184, 197),
(1650, 'YB', 897, 185, 198),
(1651, 'CAN-AM', 898, 186, 199),
(1652, '1125', 900, 187, 200),
(1653, 'FIREBOLT', 902, 187, 200),
(1654, 'LIGHTNING', 904, 187, 200),
(1655, 'ULYSSES', 905, 187, 200),
(1656, 'JBR', 906, 188, 201),
(1657, 'CANYON', 908, 190, 202),
(1658, 'ELEFANT', 909, 190, 202),
(1659, 'GRAN CANYON', 910, 190, 202),
(1660, 'MITO', 911, 190, 202),
(1661, 'NAVIGATOR', 912, 190, 202),
(1662, 'PLANET', 913, 190, 202),
(1663, 'ROADSTER', 914, 190, 202),
(1664, 'V-RAPTOR', 915, 190, 202),
(1665, 'W-16', 916, 190, 202),
(1666, 'MOBILETE', 917, 191, 203),
(1667, 'ALTINO', 919, 192, 204),
(1668, 'MESSAGE', 920, 192, 204),
(1669, 'VC', 921, 192, 204),
(1670, 'VF', 922, 192, 204),
(1671, 'VS', 923, 192, 204),
(1672, 'VT', 924, 192, 204),
(1673, 'VX', 925, 192, 204),
(1674, 'APACHE', 926, 193, 205),
(1675, 'CITYCOM', 927, 193, 205),
(1676, 'KANSAS', 928, 193, 205),
(1677, 'LASER', 929, 193, 205),
(1678, 'NEXT', 930, 193, 205),
(1679, 'RIVA', 931, 193, 205),
(1680, 'ROADWIN', 932, 193, 205),
(1681, 'SMART', 933, 193, 205),
(1682, 'SPEED', 934, 193, 205),
(1683, 'SUPER', 935, 193, 205),
(1684, 'ZIG', 936, 193, 205),
(1685, 'DY100-31', 937, 194, 206),
(1686, 'DY110-20', 938, 194, 206),
(1687, 'DY125-18', 939, 194, 206),
(1688, 'DY125-36A', 940, 194, 206),
(1689, 'DY125-37', 941, 194, 206),
(1690, 'DY125-5', 942, 194, 206),
(1691, 'DY125-52', 943, 194, 206),
(1692, 'DY150-12', 944, 194, 206),
(1693, 'DY200', 945, 194, 206),
(1694, 'SUMMER', 946, 195, 207),
(1695, 'DY125-8', 947, 195, 207),
(1696, 'SPACE', 948, 195, 207),
(1697, 'PHANTON', 949, 195, 207),
(1698, 'CITY', 950, 195, 207),
(1699, 'DY150GY', 951, 195, 207),
(1700, 'CARGO 150', 952, 195, 207),
(1701, 'CARGO 200', 953, 195, 207),
(1702, 'DY250-2', 954, 195, 207),
(1703, 'ATLANTIS', 955, 196, 208),
(1704, 'GPR', 956, 196, 208),
(1705, 'PREDATOR', 957, 196, 208);
INSERT INTO `modelos` (`mod_id`, `mod_nome`, `mod_cod`, `mar_cod`, `mar_id`) VALUES
(1706, 'RED BULLET', 958, 196, 208),
(1707, 'REPLICAS', 959, 196, 208),
(1708, 'SENDA', 960, 196, 208),
(1709, '1098', 961, 197, 209),
(1710, '1198', 962, 197, 209),
(1711, '749', 963, 197, 209),
(1712, '848', 964, 197, 209),
(1713, '996', 965, 197, 209),
(1714, '998', 966, 197, 209),
(1715, '999', 967, 197, 209),
(1716, '999R', 968, 197, 209),
(1717, 'DESMOSEDICI', 969, 197, 209),
(1718, 'DIAVEL', 970, 197, 209),
(1719, 'HYPERMOTARD', 971, 197, 209),
(1720, 'MONSTER', 972, 197, 209),
(1721, 'MULTISTRADA', 973, 197, 209),
(1722, 'SPORTCLASSIC', 974, 197, 209),
(1723, 'SS', 975, 197, 209),
(1724, 'ST-2', 976, 197, 209),
(1725, 'ST-4', 977, 197, 209),
(1726, 'STREETFIGHTER', 978, 197, 209),
(1727, 'MIRAGE', 979, 198, 210),
(1728, 'ONE', 980, 198, 210),
(1729, 'ONE RACING', 981, 198, 210),
(1730, 'FY100-10A', 984, 200, 211),
(1731, 'FY125-19', 985, 200, 211),
(1732, 'FY125-20', 986, 200, 211),
(1733, 'FY125EY-2', 987, 200, 211),
(1734, 'FY125Y-3', 988, 200, 211),
(1735, 'FY150-3', 989, 200, 211),
(1736, 'FY150T-18', 990, 200, 211),
(1737, 'FY250', 991, 200, 211),
(1738, 'GR08T4', 992, 136, 185),
(1739, 'GR 125S/ST', 993, 136, 185),
(1740, 'GR125T3', 995, 136, 185),
(1741, 'GR125U', 996, 136, 185),
(1742, 'GR 125Z', 997, 136, 185),
(1743, 'GR 150P/PI', 998, 136, 185),
(1744, 'GR150ST', 1000, 136, 185),
(1745, 'GR150T3', 1001, 136, 185),
(1746, 'GR150TI', 1002, 136, 185),
(1747, 'GR150U', 1003, 136, 185),
(1748, 'GR250T3', 1004, 136, 185),
(1749, 'ENDUCROSS', 1005, 201, 212),
(1750, 'ROOKIE ENDURO', 1006, 201, 212),
(1751, 'BOY', 1007, 201, 212),
(1752, 'MC', 1008, 201, 212),
(1753, 'PAMPERA', 1009, 201, 212),
(1754, 'TX BOY', 1010, 201, 212),
(1755, 'TXT', 1011, 201, 212),
(1756, 'TXT ROOKIE', 1012, 201, 212),
(1757, 'EASY', 1013, 202, 213),
(1758, 'RUNNER', 1014, 202, 213),
(1759, 'SAFARI', 1015, 202, 213),
(1760, 'SPORT', 1016, 202, 213),
(1761, 'HB-110', 1018, 203, 214),
(1762, 'HB-125', 1019, 203, 214),
(1763, 'HB-150', 1020, 203, 214),
(1764, 'SOFTAIL', 1022, 204, 215),
(1765, 'TOURING ROAD KING', 1026, 204, 215),
(1766, 'TOURING ELECTRA GLIDE', 1027, 204, 215),
(1767, 'DYNA', 1028, 204, 215),
(1768, 'V-ROD', 1038, 204, 215),
(1769, 'LEGION', 1041, 205, 216),
(1770, 'ANKUR', 1042, 206, 217),
(1771, 'PUCH', 1043, 206, 217),
(1772, 'STREAM', 1044, 206, 217),
(1773, 'AMERICA', 1045, 7, 176),
(1774, 'CB 1000R', 1047, 7, 176),
(1775, 'CB 1300', 1048, 7, 176),
(1776, 'SUPERBLACKBIRD CBR 1100XX', 1049, 7, 176),
(1777, 'CBR 250', 1050, 7, 176),
(1778, 'AERO CBX 150', 1052, 7, 176),
(1779, 'STRADA CBX 200', 1053, 7, 176),
(1780, 'CH 125R', 1054, 7, 176),
(1781, 'CR 85', 1055, 7, 176),
(1782, 'GL GOLD WING', 1061, 7, 176),
(1783, 'LEAD', 1062, 7, 176),
(1784, 'MAGNA VF 750C', 1063, 7, 176),
(1785, 'NX 200/250', 1064, 7, 176),
(1786, 'NX 350 SAHARA', 1066, 7, 176),
(1787, 'NX 400 FALCON', 1067, 7, 176),
(1788, 'NXR BROS', 1069, 7, 176),
(1789, 'POP 100', 1070, 7, 176),
(1790, 'SUPER HAWK', 1074, 7, 176),
(1791, 'TRX', 1075, 7, 176),
(1792, 'VALKYRIE', 1077, 7, 176),
(1793, 'VFR 1200', 1078, 7, 176),
(1794, 'VTX', 1083, 7, 176),
(1795, 'VARADERO XL 1000V', 1084, 7, 176),
(1796, 'XL', 1085, 7, 176),
(1797, 'XL 700V TRANSALP', 1086, 7, 176),
(1798, 'XLR', 1087, 7, 176),
(1799, 'XLX', 1088, 7, 176),
(1800, 'VLR 350', 1089, 7, 176),
(1801, 'XR', 1091, 7, 176),
(1802, 'TORNADO XR 250', 1092, 7, 176),
(1803, 'XRE 300', 1094, 7, 176),
(1804, 'FE', 1095, 207, 218),
(1805, 'CR', 1098, 208, 219),
(1806, 'HUSQY', 1099, 208, 219),
(1807, 'SM', 1100, 208, 219),
(1808, 'SMR', 1101, 208, 219),
(1809, 'TC', 1102, 208, 219),
(1810, 'TE', 1103, 208, 219),
(1811, 'WR', 1104, 208, 219),
(1812, 'WRE', 1105, 208, 219),
(1813, 'ACTION', 1106, 209, 220),
(1814, 'BRAVE', 1107, 209, 220),
(1815, 'MATRIX', 1108, 209, 220),
(1816, 'MOVING', 1109, 209, 220),
(1817, 'ONE', 1110, 209, 220),
(1818, 'VINTAGE', 1111, 209, 220),
(1819, 'WARRIOR', 1112, 209, 220),
(1820, 'JP', 1113, 210, 221),
(1821, 'BARHOG', 1115, 211, 222),
(1822, 'PROSTREET', 1116, 211, 222),
(1823, 'SPYDER', 1117, 211, 222),
(1824, 'ATLANTIC', 1118, 212, 223),
(1825, 'HYPE', 1119, 212, 223),
(1826, 'JONNY', 1120, 212, 223),
(1827, 'ORBIT', 1121, 212, 223),
(1828, 'PEGASUS', 1122, 212, 223),
(1829, 'QUICK', 1123, 212, 223),
(1830, 'TR', 1124, 212, 223),
(1831, 'TOP', 1126, 213, 224),
(1832, 'DUAL', 1127, 213, 224),
(1833, 'COMET GT 650', 1130, 133, 183),
(1834, 'COMET GT-R 650', 1131, 133, 183),
(1835, 'CRUISE', 1132, 133, 183),
(1836, 'ERO', 1134, 133, 183),
(1837, 'FLASH', 1135, 133, 183),
(1838, 'FURIA', 1136, 133, 183),
(1839, 'GF', 1137, 133, 183),
(1840, 'MAGIK', 1139, 133, 183),
(1841, 'MIDAS', 1140, 133, 183),
(1842, 'MIRAGE', 1141, 133, 183),
(1843, 'MOTOKAR', 1142, 133, 183),
(1844, 'PRIMA', 1143, 133, 183),
(1845, 'RX', 1144, 133, 183),
(1846, 'SETA', 1145, 133, 183),
(1847, 'SOFT', 1146, 133, 183),
(1848, 'SUPER CAB', 1147, 133, 183),
(1849, 'TN', 1148, 133, 183),
(1850, 'WAY', 1149, 133, 183),
(1851, 'WIN', 1150, 133, 183),
(1852, 'AVAJET', 1151, 170, 187),
(1853, 'CONCOURS', 1152, 170, 187),
(1854, 'D-TRACKER', 1153, 170, 187),
(1855, 'ER-6N', 1154, 170, 187),
(1856, 'KLX 110/140', 1156, 170, 187),
(1857, 'KX 100/125', 1157, 170, 187),
(1858, 'KZ', 1158, 170, 187),
(1859, 'MAXI', 1159, 170, 187),
(1860, 'NINJA 250', 1160, 170, 187),
(1861, 'VERSYS', 1161, 170, 187),
(1862, 'VOYAGER', 1162, 170, 187),
(1863, 'VULCAN', 1163, 170, 187),
(1864, 'ZZR', 1166, 170, 187),
(1865, 'DJW', 1167, 214, 225),
(1866, 'MBOY', 1168, 214, 225),
(1867, 'PEOPLE', 1169, 214, 225),
(1868, 'ZING', 1170, 214, 225),
(1869, 'AKROS', 1182, 215, 226),
(1870, 'ERGON', 1183, 215, 226),
(1871, 'NIX', 1184, 215, 226),
(1872, 'MOTO TRUCK', 1186, 216, 227),
(1873, 'QUATTOR', 1187, 217, 228),
(1874, 'FORMIGAO', 1188, 218, 229),
(1875, 'CARGO', 1190, 98, 180),
(1876, 'DE LUXE', 1191, 219, 230),
(1877, 'E RETRO', 1192, 219, 230),
(1878, 'LY', 1193, 219, 230),
(1879, 'TRICICLO', 1194, 220, 231),
(1880, 'CIAK', 1195, 221, 232),
(1881, 'SPIDER', 1196, 221, 232),
(1882, 'DRAGO', 1197, 222, 233),
(1883, 'EASY', 1198, 222, 233),
(1884, 'FAST', 1199, 222, 233),
(1885, 'SKEMA', 1200, 222, 233),
(1886, 'VITE', 1201, 222, 233),
(1887, 'CALIFORNIA', 1202, 223, 234),
(1888, 'QUOTA', 1203, 223, 234),
(1889, 'V11', 1204, 223, 234),
(1890, 'LE MANS', 1205, 223, 234),
(1891, '230R', 1206, 224, 235),
(1892, 'BRUTALE', 1207, 225, 236),
(1893, 'F4', 1208, 225, 236),
(1894, 'BIG FORCE', 1209, 226, 237),
(1895, 'BLACK STAR', 1210, 226, 237),
(1896, 'BRX', 1211, 226, 237),
(1897, 'DUAL', 1212, 226, 237),
(1898, 'FENIX GOLD', 1213, 226, 237),
(1899, 'FOX', 1214, 226, 237),
(1900, 'GO', 1215, 226, 237),
(1901, 'HALLEY', 1216, 226, 237),
(1902, 'FENIX', 1217, 226, 237),
(1903, 'JURASIC', 1218, 226, 237),
(1904, 'MA', 1219, 226, 237),
(1905, 'SIMBA', 1222, 226, 237),
(1906, 'SPORT', 1223, 226, 237),
(1907, 'SPYDER', 1224, 226, 237),
(1908, 'STREET', 1225, 226, 237),
(1909, 'SUPER', 1226, 226, 237),
(1910, 'XRT', 1227, 226, 237),
(1911, 'AX', 1228, 227, 238),
(1912, 'JC', 1229, 227, 238),
(1913, 'QM', 1230, 227, 238),
(1914, 'BR III', 1231, 228, 239),
(1915, 'BUXY', 1232, 22, 49),
(1916, 'ELYSEO', 1233, 22, 49),
(1917, 'SCOOTELEC', 1234, 22, 49),
(1918, 'SPEEDAKE', 1235, 22, 49),
(1919, 'SPEEDFIGHT', 1236, 22, 49),
(1920, 'SQUAB', 1237, 22, 49),
(1921, 'TREKKER', 1238, 22, 49),
(1922, 'VIVACITY', 1239, 22, 49),
(1923, 'ZENITH', 1240, 22, 49),
(1924, 'BEVERLY', 1241, 229, 240),
(1925, 'LIBERTY', 1242, 229, 240),
(1926, 'MP3', 1243, 229, 240),
(1927, 'NRG', 1244, 229, 240),
(1928, 'RUNNER', 1245, 229, 240),
(1929, 'VESPA', 1246, 229, 240),
(1930, 'ZIP', 1247, 229, 240),
(1931, 'BLACK JACK', 1248, 230, 241),
(1932, 'FENIX GOLD', 1249, 230, 241),
(1933, 'GHOST', 1250, 230, 241),
(1934, 'SPYDER', 1251, 230, 241),
(1935, 'ENJOY', 1252, 231, 242),
(1936, 'HUSKY', 1253, 231, 242),
(1937, 'PASSING', 1254, 231, 242),
(1938, 'RACING 200', 1255, 132, 182),
(1939, 'SCROSS', 1256, 232, 243),
(1940, 'AKROS', 1257, 140, 186),
(1941, 'ERGON', 1258, 140, 186),
(1942, 'FIFTY', 1259, 140, 186),
(1943, 'HUNTER', 1260, 140, 186),
(1944, 'MAX', 1261, 140, 186),
(1945, 'PALIO', 1262, 140, 186),
(1946, 'PGO', 1263, 140, 186),
(1947, 'STX', 1264, 140, 186),
(1948, 'STX MOTARD', 1265, 140, 186),
(1949, 'SUPER FIFTY', 1266, 140, 186),
(1950, 'VBLADE', 1267, 140, 186),
(1951, 'WEB', 1268, 140, 186),
(1952, 'WEB EVO', 1269, 140, 186),
(1953, 'ADDRESS', 1270, 59, 179),
(1954, 'BANDIT 250', 1272, 59, 179),
(1955, 'BOULEVARD', 1273, 59, 179),
(1956, 'BURGMAN AN', 1274, 59, 179),
(1957, 'DR', 1276, 59, 179),
(1958, 'FREEWIND 650', 1278, 59, 179),
(1959, 'GS 500', 1279, 59, 179),
(1960, 'GSR', 1280, 59, 179),
(1961, 'INTRUDER', 1282, 59, 179),
(1962, 'KATANA', 1283, 59, 179),
(1963, 'LETS II', 1284, 59, 179),
(1964, 'LT', 1285, 59, 179),
(1965, 'MARAUDER GZ', 1286, 59, 179),
(1966, 'RF', 1287, 59, 179),
(1967, 'RM 250', 1288, 59, 179),
(1968, 'SAVAGE', 1289, 59, 179),
(1969, 'TL', 1290, 59, 179),
(1970, 'VX 800', 1291, 59, 179),
(1971, 'TRIMOTO', 1292, 233, 244),
(1972, 'CJ', 1293, 234, 245),
(1973, 'JH', 1294, 234, 245),
(1974, 'JL', 1295, 234, 245),
(1975, 'STAR 50', 1296, 234, 245),
(1976, 'WORK 125', 1297, 234, 245),
(1977, 'SKY 125', 1298, 234, 245),
(1978, 'FLY 135', 1299, 234, 245),
(1979, 'BEST', 1300, 234, 245),
(1980, 'ADVENTURER', 1301, 148, 152),
(1981, 'BONNEVILLE', 1302, 148, 152),
(1982, 'DAYTONA', 1303, 148, 152),
(1983, 'LEGEND', 1304, 148, 152),
(1984, 'ROCKET', 1305, 148, 152),
(1985, 'SCRAMBLER', 1306, 148, 152),
(1986, 'SPEED TRIPLE', 1307, 148, 152),
(1987, 'SPRINT', 1308, 148, 152),
(1988, 'STREET TRIPLE', 1309, 148, 152),
(1989, 'THRUXTON', 1310, 148, 152),
(1990, 'THUNDERBIRD', 1311, 148, 152),
(1991, 'TIGER', 1312, 148, 152),
(1992, 'TRIDENT', 1313, 148, 152),
(1993, 'TROPHY', 1314, 148, 152),
(1994, 'TT-600', 1315, 148, 152),
(1995, 'REBELLIAN', 1316, 235, 246),
(1996, 'TRITON', 1317, 235, 246),
(1997, 'VTHUNDER', 1318, 235, 246),
(1998, 'WY', 1319, 236, 247),
(1999, 'AXIS', 1321, 135, 184),
(2000, 'BWS', 1322, 135, 184),
(2001, 'JOG', 1327, 135, 184),
(2002, 'MAJESTY', 1328, 135, 184),
(2003, 'MT-03', 1329, 135, 184),
(2004, 'NEO AT', 1331, 135, 184),
(2005, 'RD 135', 1333, 135, 184),
(2006, 'ROYAL STAR', 1335, 135, 184),
(2007, 'TDM', 1337, 135, 184),
(2008, 'TDR 180', 1338, 135, 184),
(2009, 'TRX', 1339, 135, 184),
(2010, 'TT-R', 1340, 135, 184),
(2011, 'V-MAX 1200', 1341, 135, 184),
(2012, 'WR 250F', 1342, 135, 184),
(2013, 'XJR', 1344, 135, 184),
(2014, 'XT 660R', 1345, 135, 184),
(2015, 'XTZ 125', 1346, 135, 184),
(2016, 'MIDNIGHT STAR XVS', 1348, 135, 184),
(2017, 'YFS', 1350, 135, 184),
(2018, 'YES EN 125', 1363, 59, 179),
(2019, 'SHADOW', 1393, 7, 176),
(2020, 'XM', 1442, 246, 249),
(2021, 'LAMBRETA', 1450, 253, 251),
(2022, 'SCOOTER', 1518, 269, 253),
(2023, 'ATV', 1967, 176, 189),
(2024, 'JAGUAR', 1968, 176, 189),
(2025, 'RT', 1970, 176, 189),
(2026, 'ZS 200', 2011, 281, 254),
(2027, 'BW 125', 2012, 282, 255),
(2028, 'KART', 2040, 254, 165),
(2029, 'DREAM', 2057, 7, 176),
(2030, 'RX', 2058, 135, 184),
(2031, 'WALK MACHINE', 2065, 294, 256),
(2032, 'HERO', 2172, 7, 176),
(2033, 'NC 700X', 2173, 7, 176),
(2034, 'DRAG STAR', 2174, 135, 184),
(2035, 'BAIO', 2220, 170, 187),
(2036, 'KDX', 2221, 170, 187),
(2037, 'B-KING GSX 1300', 2223, 59, 179),
(2038, '125 ZS', 2227, 281, 254),
(2039, 'SR', 2285, 178, 191),
(2040, 'DY50', 2286, 194, 206),
(2041, 'NAKED', 2287, 212, 223),
(2042, 'RACER', 2288, 212, 223),
(2043, 'TEXAS', 2289, 212, 223),
(2044, 'CRF 110/150', 2293, 7, 176),
(2045, 'XJ6', 2316, 135, 184),
(2046, 'LANDER XTZ 250', 2317, 135, 184),
(2047, 'ALBA', 2327, 135, 184),
(2048, 'FROG', 2328, 135, 184),
(2049, 'LIBERO', 2329, 135, 184),
(2050, 'GLADIATOR', 2330, 135, 184),
(2051, 'MEST', 2331, 135, 184),
(2052, 'ECCY', 2332, 135, 184),
(2053, 'PASSOL', 2333, 135, 184),
(2054, 'EC-02', 2334, 135, 184),
(2055, 'YZ 85LW', 2335, 135, 184),
(2056, 'V-STAR', 2336, 135, 184),
(2057, 'PAS', 2338, 135, 184),
(2058, 'AEROX', 2339, 135, 184),
(2059, 'MORPHOUS', 2340, 135, 184),
(2060, 'XF50X', 2341, 135, 184),
(2061, 'LAGEND', 2343, 135, 184),
(2062, 'TZR', 2344, 135, 184),
(2063, 'QT50', 2345, 135, 184),
(2064, 'SHARK', 2376, 234, 245),
(2065, 'FURY', 2391, 7, 176),
(2066, 'STUNNER', 2416, 7, 176),
(2067, 'CB 50', 2417, 7, 176),
(2068, 'BOLDOR CB 900', 2419, 7, 176),
(2069, 'CBF 600', 2420, 7, 176),
(2070, 'CBR 400RR', 2421, 7, 176),
(2071, 'CBX 1000', 2423, 7, 176),
(2072, 'CD 125', 2424, 7, 176),
(2073, 'ML 125', 2425, 7, 176),
(2074, 'NSR 500', 2426, 7, 176),
(2075, 'RC', 2428, 7, 176),
(2076, 'PAN-EUROPEAN ST', 2430, 7, 176),
(2077, 'TURUNA 125', 2432, 7, 176),
(2078, 'VTR', 2433, 7, 176),
(2079, 'AFRICA TWIN XRV 750', 2436, 7, 176),
(2080, 'MZ 250', 2437, 297, 257),
(2081, 'KAPRA', 2438, 297, 257),
(2082, 'RALLYE', 2439, 297, 257),
(2083, 'PASSEIO', 2440, 297, 257),
(2084, 'BANDIT 400', 2449, 59, 179),
(2085, 'BANDIT 600', 2450, 59, 179),
(2086, 'BANDIT GSF 750', 2452, 59, 179),
(2087, 'BANDIT 1200', 2453, 59, 179),
(2088, 'HAYABUSA', 2455, 59, 179),
(2089, 'INTRUDER CUSTOM', 2456, 59, 179),
(2090, 'RV', 2457, 59, 179),
(2091, 'SV', 2458, 59, 179),
(2092, 'MARAUDER VZ', 2459, 59, 179),
(2093, 'CG CARGO/JOB', 2460, 7, 176),
(2094, 'EXPLORER', 2462, 27, 177),
(2095, 'ELIMINATOR', 2467, 170, 187),
(2096, 'GTR', 2468, 170, 187),
(2097, 'KLE', 2469, 170, 187),
(2098, 'KLR', 2470, 170, 187),
(2099, 'SUPER SHERPA', 2471, 170, 187),
(2100, 'ZRX', 2472, 170, 187),
(2101, 'ZR', 2473, 170, 187),
(2102, 'NINJA 1400', 2474, 170, 187),
(2103, 'FS1', 2475, 135, 184),
(2104, 'HB-50', 2476, 203, 214),
(2105, 'PC 50', 2480, 7, 176),
(2106, 'CG 125', 2481, 7, 176),
(2107, 'PACIFIC COAST', 2491, 7, 176),
(2108, 'CG TODAY', 2495, 7, 176),
(2109, 'GT', 2496, 59, 179),
(2110, 'FZR1000', 2501, 135, 184),
(2111, 'GSI', 2502, 59, 179),
(2112, 'AMAZONAS', 2503, 213, 224),
(2113, 'CB 125', 2511, 7, 176),
(2114, 'PHOENIX 50', 2518, 132, 182),
(2115, 'INDIANAPOLIS 200', 2519, 132, 182),
(2116, 'F35/F40', 2520, 132, 182),
(2117, 'X2 250', 2521, 132, 182),
(2118, 'MAX 150', 2522, 132, 182),
(2119, 'NEW WAVE 125', 2523, 132, 182),
(2120, 'EXPLORER 150', 2524, 132, 182),
(2121, 'XS400', 2525, 135, 184),
(2122, 'RD 350 VIUVA NEGRA', 2527, 135, 184),
(2123, 'XY 250', 2530, 132, 182),
(2124, 'JOB', 2544, 59, 179),
(2125, 'RED HUNTER', 2545, 299, 258),
(2126, 'W/NG', 2546, 299, 258),
(2127, 'M2F', 2547, 299, 258),
(2128, 'GOLDEN ARROW', 2548, 299, 258),
(2129, 'AE 50', 2554, 59, 179),
(2130, 'RODEO', 2616, 102, 181),
(2131, 'DURO', 2617, 102, 181),
(2132, 'DUTY', 2631, 7, 176),
(2133, '150', 2667, 340, 259),
(2134, 'WAKE 500', 2668, 341, 260),
(2135, 'OUTCROSS', 2669, 341, 260),
(2136, 'JOY PLUS', 2670, 341, 260),
(2137, 'PASSION', 2671, 341, 260),
(2138, 'TREND', 2672, 341, 260),
(2139, 'PIT BULL', 2673, 341, 260),
(2140, 'BRUTTUS', 2674, 341, 260),
(2141, 'UFO 50', 2676, 342, 261),
(2142, 'LF250ST', 2677, 342, 261),
(2143, 'FOX 150R', 2678, 342, 261),
(2144, 'LF400ST', 2679, 342, 261),
(2145, 'VR 150 WIND', 2680, 342, 261),
(2146, 'HERCULES 200', 2681, 342, 261),
(2147, 'ONIX 50R', 2682, 342, 261),
(2148, 'HS 150 FIRE', 2683, 342, 261),
(2149, 'JET 50', 2684, 132, 182),
(2150, 'RETRO 50', 2685, 132, 182),
(2151, 'NEW 50', 2686, 132, 182),
(2152, 'EAGLE 50', 2687, 132, 182),
(2153, 'SUPER SMART 50', 2688, 132, 182),
(2154, 'NEW 200', 2689, 132, 182),
(2155, 'CARGO 200', 2690, 132, 182),
(2156, 'BRAVO 200', 2691, 132, 182),
(2157, 'STRONG 250', 2692, 132, 182),
(2158, 'FUTURE 150', 2693, 132, 182),
(2159, 'KN 150', 2700, 343, 262),
(2160, 'KN 125 S', 2701, 343, 262),
(2161, 'KN 50 S', 2702, 343, 262),
(2162, 'IZY 50', 2703, 209, 220),
(2163, 'PCX', 2721, 7, 176),
(2164, 'AIRHEAD', 2762, 36, 178),
(2165, 'C1', 2763, 36, 178),
(2166, 'F650GS', 2764, 36, 178),
(2167, 'F650CS', 2765, 36, 178),
(2168, 'F800GS', 2766, 36, 178),
(2169, 'K75', 2767, 36, 178),
(2170, 'K100', 2768, 36, 178),
(2171, 'K1200R', 2769, 36, 178),
(2172, 'K1300R', 2770, 36, 178),
(2173, 'K1200GT', 2771, 36, 178),
(2174, 'K1300GT', 2772, 36, 178),
(2175, 'K1200GS', 2773, 36, 178),
(2176, 'K1200S', 2774, 36, 178),
(2177, 'R32', 2775, 36, 178),
(2178, 'R51/3', 2776, 36, 178),
(2179, 'R27', 2777, 36, 178),
(2180, 'R60', 2778, 36, 178),
(2181, 'R75', 2779, 36, 178),
(2182, 'R75/5', 2780, 36, 178),
(2183, 'R90S', 2781, 36, 178),
(2184, 'R1200C', 2782, 36, 178),
(2185, 'R1150GS', 2783, 36, 178),
(2186, 'R1200RT', 2784, 36, 178),
(2187, 'SPORTSTER', 2812, 204, 215),
(2188, 'TOURING STREET GLIDE', 2816, 204, 215),
(2189, 'XTZ 250 TENERE', 2902, 135, 184),
(2190, 'XT 225', 2903, 135, 184),
(2191, 'XT 660Z TENERE', 2904, 135, 184),
(2192, 'XT 1200Z SUPER TENERE', 2905, 135, 184),
(2193, 'MOBY 50', 2906, 234, 245),
(2194, 'JOTO 135', 2907, 234, 245),
(2195, 'MONTEZ 250', 2908, 234, 245),
(2196, 'DUNNA 600', 2909, 234, 245),
(2197, 'VICO', 2910, 234, 245),
(2198, 'FAZER FZ6', 2923, 135, 184),
(2199, 'FAZER YS150', 2924, 135, 184),
(2200, 'FAZER FZ1', 2925, 135, 184),
(2201, 'YZF 600R', 2926, 135, 184),
(2202, 'YZF R6', 2927, 135, 184),
(2203, 'CRF 230/250', 2965, 7, 176),
(2204, 'CRF 450', 2966, 7, 176),
(2205, 'NX 650 DOMINATOR', 2968, 7, 176),
(2206, 'CR 250', 2969, 7, 176),
(2207, 'CR 125', 2970, 7, 176),
(2208, 'HB', 3029, 349, 266),
(2209, 'OUTLANDER 400', 3113, 358, 267),
(2210, 'OUTLANDER 500', 3114, 358, 267),
(2211, 'OUTLANDER 650', 3115, 358, 267),
(2212, 'OUTLANDER 800R', 3116, 358, 267),
(2213, 'OUTLANDER MAX 400', 3117, 358, 267),
(2214, 'OUTLANDER MAX 500', 3118, 358, 267),
(2215, 'OUTLANDER MAX 650', 3119, 358, 267),
(2216, 'OUTLANDER MAX 800R', 3120, 358, 267),
(2217, 'OUTLANDER MAX LTD 800R', 3121, 358, 267),
(2218, 'RENEGADE 500', 3122, 358, 267),
(2219, 'RENEGADE 800R', 3123, 358, 267),
(2220, 'DS 250', 3124, 358, 267),
(2221, 'DS 450', 3125, 358, 267),
(2222, 'DS 90', 3126, 358, 267),
(2223, 'RT', 3127, 358, 267),
(2224, 'RS', 3128, 358, 267),
(2225, 'NINJA 1000', 3129, 170, 187),
(2226, 'NINJA 600', 3130, 170, 187),
(2227, 'NINJA 300', 3131, 170, 187),
(2228, 'NINJA 1100', 3132, 170, 187),
(2229, 'NINJA 900', 3133, 170, 187),
(2230, 'NINJA 700', 3134, 170, 187),
(2231, 'NINJA 1200', 3135, 170, 187),
(2232, 'Z1000', 3136, 170, 187),
(2233, 'Z750', 3137, 170, 187),
(2234, 'Z800', 3138, 170, 187),
(2235, 'VERSYS CITY', 3139, 170, 187),
(2236, 'VERSYS GRAND TOURER', 3140, 170, 187),
(2237, 'VERSYS TOURER', 3141, 170, 187),
(2238, 'VERSYS 1000', 3142, 170, 187),
(2239, 'KX 450/500', 3143, 170, 187),
(2240, 'KX 250', 3144, 170, 187),
(2241, 'KX 65/85', 3145, 170, 187),
(2242, 'KLX 400/450', 3146, 170, 187),
(2243, 'KLX 250/300', 3147, 170, 187),
(2244, 'TMAX', 3151, 135, 184),
(2245, 'YFM 700R', 3152, 135, 184),
(2246, 'GRIZZLY', 3153, 135, 184),
(2247, '50 SX', 3166, 344, 263),
(2248, '65 SX', 3167, 344, 263),
(2249, '85 SX', 3168, 344, 263),
(2250, '125 SX', 3169, 344, 263),
(2251, '150 SX', 3170, 344, 263),
(2252, '250 SX', 3171, 344, 263),
(2253, '350 SX', 3172, 344, 263),
(2254, '450 SX-F', 3173, 344, 263),
(2255, '350 EXC', 3174, 344, 263),
(2256, '500 EXC', 3175, 344, 263),
(2257, '150 XC', 3176, 344, 263),
(2258, '250 XC', 3177, 344, 263),
(2259, '300 XC', 3178, 344, 263),
(2260, '450 XC-F/W', 3180, 344, 263),
(2261, '200 XC', 3181, 344, 263),
(2262, '690 ENDURO R', 3183, 344, 263),
(2263, '1190 ADVENTURE', 3184, 344, 263),
(2264, '990 SM T', 3185, 344, 263),
(2265, '990 ADVENTURE BAJA', 3186, 344, 263),
(2266, '690 DUKE', 3187, 344, 263),
(2267, '1190 RC8 R', 3188, 344, 263),
(2268, 'ACX 250F', 3189, 359, 268),
(2269, 'HOTZOO SPORT 90', 3190, 359, 268),
(2270, 'SPORTLANDER 150R', 3191, 359, 268),
(2271, 'SPORTLANDER 250XR', 3192, 359, 268),
(2272, 'SPORTLANDER 350ZX', 3193, 359, 268),
(2273, 'SPORTLANDER 450TR', 3194, 359, 268),
(2274, 'QUADRILANDER 300', 3195, 359, 268),
(2275, 'QUADRILANDER 400', 3196, 359, 268),
(2276, 'QUADRILANDER 600', 3197, 359, 268),
(2277, 'FRONTLANDER 500', 3198, 359, 268),
(2278, 'FRONTLANDER 800 EFI', 3199, 359, 268),
(2279, '525 XC', 3201, 344, 263),
(2280, '505 SX', 3202, 344, 263),
(2281, '450 XC', 3203, 344, 263),
(2282, '450 SX', 3204, 344, 263),
(2283, 'VENICE 50', 3205, 132, 182),
(2284, 'LIBERTY 50', 3206, 132, 182),
(2285, 'BIKE 50', 3207, 132, 182),
(2286, 'JET 125', 3208, 132, 182),
(2287, 'CUSTOM 250', 3209, 132, 182),
(2288, 'DISCOVER 250', 3210, 132, 182),
(2289, 'RZR 570', 4362, 171, 188),
(2290, 'RZR 800', 4363, 171, 188),
(2291, 'RZR 800 XC', 4364, 171, 188),
(2292, 'RZR S 800', 4365, 171, 188),
(2293, 'RZR 900', 4366, 171, 188),
(2294, 'RZR XP 1000', 4367, 171, 188),
(2295, 'RZR 4 800', 4368, 171, 188),
(2296, 'RZR 4 900', 4369, 171, 188),
(2297, 'RZR 4 1000', 4370, 171, 188),
(2298, 'RANGER 6X6', 4371, 171, 188),
(2299, 'RANGER 800', 4372, 171, 188),
(2300, 'RANGER DIESEL', 4373, 171, 188),
(2301, 'RANGER XP 900', 4374, 171, 188),
(2302, 'RANGER 400', 4375, 171, 188),
(2303, 'RANGER 570', 4376, 171, 188),
(2304, 'RANGER 800 MIDSIZE', 4377, 171, 188),
(2305, 'RANGER EV', 4378, 171, 188),
(2306, 'RANGER CREW 570', 4379, 171, 188),
(2307, 'RANGER CREW 800', 4380, 171, 188),
(2308, 'RANGER CREW DIESEL', 4381, 171, 188),
(2309, 'RANGER CREW 900', 4382, 171, 188),
(2310, 'SPORTSMAN 550 EPS', 4383, 171, 188),
(2311, 'SPORTSMAN 570', 4384, 171, 188),
(2312, 'SPORTSMAN 400 HO', 4385, 171, 188),
(2313, 'SPORTSMAN WV850 HO', 4386, 171, 188),
(2314, 'SPORTSMAN XP 850', 4387, 171, 188),
(2315, 'SPORTSMAN 800 EFI', 4388, 171, 188),
(2316, 'SPORTSMAN BIG BOSS 6X6 800', 4389, 171, 188),
(2317, 'SCRAMBLER XP 850 HO', 4390, 171, 188),
(2318, 'SCRAMBLER XP 1000 EPS', 4391, 171, 188),
(2319, 'SPORTSMAN TOURING 850', 4392, 171, 188),
(2320, 'SPORTSMAN TOURING 570', 4393, 171, 188),
(2321, 'SPORTSMAN TOURING 550', 4394, 171, 188),
(2322, 'SPORTSMAN X2 550', 4395, 171, 188),
(2323, 'PHOENIX 200', 4396, 171, 188),
(2324, 'RZR 170', 4397, 171, 188),
(2325, 'OUTLAW 90', 4398, 171, 188),
(2326, 'SPORTSMAN 90', 4399, 171, 188),
(2327, 'OUTLAW 50', 4400, 171, 188),
(2328, 'BRUTUS', 4401, 171, 188),
(2329, 'CROSS ROADS 8-BALL', 4402, 483, 269),
(2330, 'CROSS ROADS CLASSIC', 4403, 483, 269),
(2331, 'CROSS COUNTRY 8-BALL', 4404, 483, 269),
(2332, 'CROSS COUNTRY', 4405, 483, 269),
(2333, 'NESS CROSS COUNTRY', 4406, 483, 269),
(2334, 'VISION TOUR', 4407, 483, 269),
(2335, 'CROSS COUNTRY TOUR', 4408, 483, 269),
(2336, 'CROSS COUNTRY TOUR ANNIVERSARY', 4409, 483, 269),
(2337, 'VEGAS 8-BALL', 4410, 483, 269),
(2338, 'HIGH-BALL', 4411, 483, 269),
(2339, 'HAMMER 8-BALL', 4412, 483, 269),
(2340, 'BOARDWALK', 4413, 483, 269),
(2341, 'JACKPOT', 4414, 483, 269),
(2342, 'JUDGE', 4415, 483, 269),
(2343, 'ZACH NESS CROSS COUNTRY', 4416, 483, 269),
(2344, 'HARD-BALL', 4417, 483, 269),
(2345, 'NESS VISION', 4418, 483, 269),
(2346, 'CORY NESS CROSS COUNTRY TOUR', 4419, 483, 269),
(2347, 'CHIEF CLASSIC', 4420, 484, 270),
(2348, 'CHIEF VINTAGE', 4421, 484, 270),
(2349, 'CHIEFTAIN', 4422, 484, 270),
(2350, 'COOL STAR 125', 4459, 98, 180),
(2351, 'X3', 4460, 98, 180),
(2352, 'JOJO 110', 4461, 98, 180),
(2353, 'CC125', 4462, 98, 180),
(2354, 'CC150', 4463, 98, 180),
(2355, 'KP150F', 4464, 98, 180),
(2356, 'LF100', 4465, 98, 180),
(2357, 'PK125', 4466, 98, 180),
(2358, 'POWER KING', 4467, 98, 180),
(2359, 'CROSS', 4468, 98, 180),
(2360, 'GLOW 110S', 4469, 98, 180),
(2361, 'KP150', 4470, 98, 180),
(2362, 'POWER MAN 250', 4471, 98, 180),
(2363, 'HIKER', 4472, 98, 180),
(2364, 'IV', 4473, 98, 180),
(2365, 'STEED 250', 4474, 98, 180),
(2366, 'TRAVELLER', 4475, 98, 180),
(2367, 'TB125', 4476, 98, 180),
(2368, 'PK110F', 4477, 98, 180),
(2369, 'LF125', 4478, 98, 180),
(2370, 'LF125', 4520, 98, 180),
(2371, 'F2 PLUS', 4914, 532, 271),
(2372, 'SUPER F2', 4915, 532, 271),
(2373, 'SUPER F1', 4916, 532, 271),
(2374, 'SUPER F3', 4917, 532, 271),
(2375, 'BVX 125', 4918, 532, 271),
(2376, 'BVX 130 STREET', 4919, 532, 271),
(2377, 'BVX 150 S1', 4920, 532, 271),
(2378, 'TR 150 D6', 4921, 532, 271),
(2379, 'AX 200', 4922, 532, 271),
(2380, 'BVX 200', 4923, 532, 271),
(2381, 'BX 260', 4924, 532, 271),
(2382, 'BR 250 D1', 4925, 532, 271),
(2383, 'CARGO 260', 4926, 532, 271),
(2384, 'COMET GT 250', 4928, 133, 183),
(2385, 'COMET GT-R 250', 4929, 133, 183),
(2386, 'RD 50', 4930, 135, 184),
(2387, 'DT 50', 4931, 135, 184),
(2388, 'MT-01', 4932, 135, 184),
(2389, 'FZ-09', 4933, 135, 184),
(2390, 'MT-07', 4934, 135, 184),
(2391, 'FZR600', 4935, 135, 184),
(2392, 'FZR400', 4936, 135, 184),
(2393, 'FZR250', 4937, 135, 184),
(2394, 'XS500', 4938, 135, 184),
(2395, 'XS650', 4939, 135, 184),
(2396, 'XS750', 4940, 135, 184),
(2397, 'XS850', 4941, 135, 184),
(2398, 'XS1100', 4942, 135, 184),
(2399, 'SR500', 4943, 135, 184),
(2400, 'SRX 400', 4944, 135, 184),
(2401, 'SRX 600', 4945, 135, 184),
(2402, 'V-MAX 1680', 4946, 135, 184),
(2403, 'FJR1300', 4947, 135, 184),
(2404, 'XTZ 750 SUPER TENERE', 4948, 135, 184),
(2405, 'XT 600', 4949, 135, 184),
(2406, 'VIRAGO 400', 4950, 135, 184),
(2407, 'VIRAGO 535', 4951, 135, 184),
(2408, 'VIRAGO 750', 4952, 135, 184),
(2409, 'VIRAGO 1400', 4953, 135, 184),
(2410, 'XZ 550', 4954, 135, 184),
(2411, 'YZR 500', 4955, 135, 184),
(2412, 'WR 450F', 4956, 135, 184),
(2413, 'TZ 250', 4957, 135, 184),
(2414, 'YZ 125', 4958, 135, 184),
(2415, 'YZ 250', 4959, 135, 184),
(2416, 'YZ 450', 4960, 135, 184),
(2417, 'TX500', 4961, 135, 184),
(2418, 'XR 180', 4962, 135, 184),
(2419, 'TT 125', 4963, 135, 184),
(2420, 'ER-5', 4966, 170, 187),
(2421, 'CVO', 4993, 204, 215),
(2422, 'ALPINA', 4994, 185, 198),
(2423, 'APOLO', 4995, 185, 198),
(2424, 'NEVADA', 4996, 185, 198),
(2425, 'WINSTAR', 4997, 185, 198),
(2426, 'ELEKTRA', 4998, 185, 198),
(2427, 'TEXANA', 4999, 185, 198),
(2428, 'ALTINO', 5000, 185, 198),
(2429, 'AQUILA', 5001, 185, 198),
(2430, 'DAYSTAR ROUTIER', 5002, 185, 198);

-- --------------------------------------------------------

--
-- Estrutura para tabela `servicos`
--

CREATE TABLE `servicos` (
  `serv_id` int(11) NOT NULL,
  `cat_serv_id` int(11) DEFAULT NULL,
  `serv_nome` varchar(60) NOT NULL,
  `serv_duracao` time NOT NULL,
  `serv_preco` decimal(7,2) NOT NULL,
  `serv_descricao` varchar(200) NOT NULL,
  `serv_situacao` bit(1) NOT NULL
) ENGINE=InnoDB DEFAULT CHARSET=utf8 COLLATE=utf8_general_ci;

--
-- Despejando dados para a tabela `servicos`
--

INSERT INTO `servicos` (`serv_id`, `cat_serv_id`, `serv_nome`, `serv_duracao`, `serv_preco`, `serv_descricao`, `serv_situacao`) VALUES
(1, 1, 'Lavagem externa (tradicional)', '00:30:00', 35.00, 'Lavagem externa convencional do veiculo.', b'1'),
(2, 1, 'Lavagem externa (a seco)', '00:30:00', 40.00, 'Lavagem externa do veiculo sem uso de agua.', b'1'),
(3, 1, 'Lavagem interna completa', '01:00:00', 60.00, 'Limpeza completa do interior do veiculo.', b'1'),
(4, 1, 'Limpeza de estofados', '02:00:00', 120.00, 'Limpeza profunda de estofados.', b'1'),
(5, 1, 'Limpeza de carpetes', '01:30:00', 70.00, 'Limpeza detalhada dos carpetes do veiculo.', b'1'),
(6, 1, 'Higienizacao de ar-condicionado', '01:00:00', 80.00, 'Higienizacao do sistema de ar-condicionado.', b'1'),
(7, 1, 'Descontaminacao de pintura', '01:30:00', 100.00, 'Remocao de contaminantes da pintura.', b'1'),
(8, 2, 'Polimento de pintura', '03:00:00', 200.00, 'Polimento completo da pintura do veiculo.', b'1'),
(9, 2, 'Espelhamento', '04:00:00', 250.00, 'Espelhamento da pintura para brilho intenso.', b'1'),
(10, 2, 'Vitrificacao', '05:00:00', 300.00, 'Aplicacao de revestimento vitrificado.', b'1'),
(11, 2, 'Enceramento', '01:30:00', 80.00, 'Aplicacao de cera para protecao da pintura.', b'1'),
(12, 2, 'Selagem de pintura', '02:00:00', 150.00, 'Selagem da pintura para protecao prolongada.', b'1'),
(13, 2, 'Aplicacao de pelicula de protecao de pintura (PPF)', '06:00:00', 500.00, 'Aplicacao de pelicula protetora de pintura.', b'1'),
(14, 3, 'Polimento de farois', '01:00:00', 60.00, 'Polimento para clarear farois.', b'1'),
(15, 3, 'Restauracao de farois', '02:00:00', 120.00, 'Restauracao completa de farois.', b'1'),
(16, 3, 'Aplicacao de repelente de agua (cristalizacao de vidros)', '00:45:00', 50.00, 'Aplicacao de repelente de agua nos vidros.', b'1'),
(17, 3, 'Aplicacao de insulfilm', '02:30:00', 200.00, 'Aplicacao de pelicula insulfilm.', b'1'),
(18, 4, 'Limpeza de rodas e calotas', '00:45:00', 40.00, 'Limpeza detalhada de rodas e calotas.', b'1'),
(19, 4, 'Polimento de rodas', '01:30:00', 100.00, 'Polimento para brilho intenso das rodas.', b'1'),
(20, 4, 'Aplicacao de protetores de pneu', '00:30:00', 30.00, 'Aplicacao de produto protetor nos pneus.', b'1'),
(21, 4, 'Pintura e restauracao de rodas', '03:00:00', 250.00, 'Pintura e restauracao de rodas.', b'1'),
(22, 5, 'Limpeza detalhada do painel e console', '01:00:00', 60.00, 'Limpeza detalhada do painel e console.', b'1'),
(23, 5, 'Limpeza e hidratacao de bancos de couro', '02:00:00', 150.00, 'Limpeza e hidratacao de bancos de couro.', b'1'),
(24, 5, 'Limpeza e hidratacao de plasticos internos', '01:30:00', 80.00, 'Limpeza e hidratacao de plasticos internos.', b'1'),
(25, 5, 'Limpeza de portas e macanetas', '01:00:00', 50.00, 'Limpeza detalhada de portas e macanetas.', b'1'),
(26, 5, 'Detalhamento de dutos de ventilacao', '01:00:00', 70.00, 'Limpeza detalhada dos dutos de ventilacao.', b'1'),
(27, 6, 'Tratamento com ozonio', '01:30:00', 150.00, 'Remocao de odores com tratamento de ozonio.', b'1'),
(28, 6, 'Neutralizacao de odores', '01:00:00', 100.00, 'Neutralizacao de odores no veiculo.', b'1'),
(29, 7, 'Retoque de pintura', '03:00:00', 200.00, 'Retoque de pintura para corrigir imperfeicoes.', b'1'),
(30, 7, 'Pintura parcial', '04:00:00', 300.00, 'Pintura parcial para correcao estetica.', b'1'),
(31, 8, 'Envelopamento automotivo (vinil)', '06:00:00', 800.00, 'Envelopamento completo do veiculo com vinil.', b'1'),
(32, 8, 'Pintura de pincas de freio', '02:00:00', 150.00, 'Pintura personalizada das pincas de freio.', b'1'),
(33, 8, 'Aplicacao de adesivos decorativos', '01:00:00', 50.00, 'Aplicacao de adesivos decorativos no veiculo.', b'1'),
(34, 8, 'Instalacao de spoilers e acessorios externos', '03:00:00', 300.00, 'Instalacao de spoilers e acessorios externos.', b'1'),
(35, 9, 'Remocao de riscos e arranhoes', '02:00:00', 200.00, 'Remocao de riscos e arranhoes superficiais.', b'1'),
(36, 9, 'Reparo de amassados sem pintura (martelinho de ouro)', '03:00:00', 300.00, 'Reparo de amassados sem necessidade de pintura.', b'1'),
(37, 9, 'Remocao de manchas', '01:30:00', 100.00, 'Remocao de manchas da superficie do veiculo.', b'1'),
(38, 10, 'Lavagem de motor', '01:00:00', 80.00, 'Lavagem detalhada do motor do veiculo.', b'1'),
(39, 10, 'Polimento de escapamento', '01:00:00', 50.00, 'Polimento do sistema de escapamento.', b'1'),
(40, 10, 'Revitalizacao de teto solar', '02:00:00', 150.00, 'Revitalizacao e limpeza do teto solar.', b'1'),
(41, 1, 'Aplicação de proteção antibacteriana', '01:00:00', 80.00, 'Aplicação de proteção antibacteriana', b'1'),
(42, 21, 'teste2', '00:00:00', 0.00, '', b'1');

-- --------------------------------------------------------

--
-- Estrutura para tabela `usuarios`
--

CREATE TABLE `usuarios` (
  `usu_id` int(11) NOT NULL,
  `usu_nome` varchar(60) NOT NULL,
  `usu_cpf` char(14) NOT NULL,
  `usu_data_nasc` date NOT NULL,
  `usu_sexo` tinyint(4) NOT NULL,
  `usu_telefone` varchar(20) NOT NULL,
  `usu_email` varchar(80) NOT NULL,
  `usu_observ` varchar(120) NOT NULL,
  `usu_acesso` tinyint(1) NOT NULL,
  `usu_senha` varchar(256) NOT NULL,
  `usu_situacao` tinyint(1) DEFAULT 1
) ENGINE=InnoDB DEFAULT CHARSET=utf8 COLLATE=utf8_general_ci;

--
-- Despejando dados para a tabela `usuarios`
--

INSERT INTO `usuarios` (`usu_id`, `usu_nome`, `usu_cpf`, `usu_data_nasc`, `usu_sexo`, `usu_telefone`, `usu_email`, `usu_observ`, `usu_acesso`, `usu_senha`, `usu_situacao`) VALUES
(1, 'José Oliveira da Silva', '321.654.987-00', '1995-10-02', 1, '(11) 5432-9999', 'jose@example.com', 'Observações sobre Jose Oliveira.', 1, 'jose789', 1),
(2, 'João da Silva', '111.222.333-44', '1988-03-10', 1, '(11) 2222-3333', 'joao@example.com', 'Observações sobre João da Silva.', 0, 'joao123', 1),
(3, 'Maria Oliveira', '555.666.777-88', '1992-08-25', 0, '(11) 4444-5555', 'maria@example.com', 'Observações sobre Maria Oliveira.', 0, 'maria456', 1),
(4, 'Pedro Santos', '999.888.777-66', '1980-12-05', 1, '(11) 7777-8888', 'pedro@example.com', 'Observações sobre Pedro Santos.', 0, 'pedro789', 1),
(5, 'Ana Souza', '777.888.999-11', '1990-06-15', 0, '(11) 9999-1111', 'ana@example.com', 'Observações sobre Ana Souza.', 0, 'ana123', 1),
(6, 'Fernando Lima', '444.555.666-22', '1985-09-30', 1, '(11) 8888-2222', 'fernando@example.com', 'Observações sobre Fernando Lima.', 0, 'fernando456', 1),
(7, 'Mariana Silva', '111.222.333-55', '1998-12-12', 0, '(11) 7777-5555', 'mariana@example.com', 'Observações sobre Mariana Silva.', 0, 'mariana789', 1),
(8, 'Carlos Oliveira', '222.333.444-66', '1987-04-25', 1, '(11) 5555-6666', 'carlos@example.com', 'Observações sobre Carlos Oliveira.', 0, 'carlos789', 1),
(9, 'Patrícia Ferreira', '888.777.666-99', '1991-08-10', 0, '(11) 2222-8888', 'patricia@example.com', 'Observações sobre Patrícia Ferreira.', 0, 'patricia123', 1),
(10, 'Lucas Santos', '777.666.555-11', '1993-11-15', 1, '(11) 9999-3333', 'lucas@example.com', 'Observações sobre Lucas Santos.', 0, 'lucas456', 1),
(11, 'Amanda Lima', '333.222.111-44', '1989-07-20', 0, '(11) 4444-7777', 'amanda@example.com', 'Observações sobre Amanda Lima.', 0, 'amanda789', 1),
(12, 'Rafael Almeida', '555.444.333-77', '1995-02-28', 1, '(11) 6666-9999', 'rafael@example.com', 'Observações sobre Rafael Almeida.', 0, 'rafael123', 1),
(13, 'Laura Souza', '999.888.777-22', '1986-06-05', 0, '(11) 7777-1111', 'laura@example.com', 'Observações sobre Laura Souza.', 0, 'laura456', 1),
(14, 'Guilherme Oliveira', '111.222.333-66', '1990-09-12', 1, '(11) 8888-4444', 'guilherme@example.com', 'Observações sobre Guilherme Oliveira.', 0, 'guilherme789', 1),
(15, 'Juliana Silva', '777.888.999-33', '1984-03-30', 0, '(11) 5555-2222', 'juliana@example.com', 'Observações sobre Juliana Silva.', 0, 'juliana123', 1),
(16, 'Rodrigo Santos', '444.555.666-88', '1983-11-05', 1, '(11) 6666-3333', 'rodrigo@example.com', 'Observações sobre Rodrigo Santos.', 0, 'rodrigo456', 1),
(17, 'Bianca Ferreira', '222.333.444-11', '1994-12-18', 0, '(11) 3333-8888', 'bianca@example.com', 'Observações sobre Bianca Ferreira.', 0, 'bianca789', 1),
(18, 'Fernanda Oliveira', '555.444.333-22', '1997-05-08', 0, '(11) 9999-2222', 'fernanda@example.com', 'Observações sobre Fernanda Oliveira.', 0, 'fernanda123', 1),
(19, 'Marcos Souza', '777.888.999-11', '1982-09-17', 1, '(11) 3333-4444', 'marcos@example.com', 'Observações sobre Marcos Souza.', 0, 'marcos456', 1),
(20, 'Carla Lima', '111.222.333-55', '1996-11-30', 0, '(11) 8888-9999', 'carla@example.com', 'Observações sobre Carla Lima.', 0, 'carla789', 1),
(23, 'wesley Silva', '444.555.111-00', '1998-10-15', 1, '(12) 2223-2222', 'wesley@example.com', 'Observações sobre Wesley.', 0, 'wesley1234', 1),
(24, 'José Oliveira Pop', '321.654.987-00', '1995-10-20', 1, '(11) 5432-1098', 'jose@example.com', 'Observações sobre Jose Oliveira.', 0, 'joliveira', 1),
(25, 'Admin', '000.000.000-00', '1995-10-20', 1, '(00) 0000-0000', 'admin@admin.com', 'admin', 1, 'admin', 1),
(26, 'User', '127.294.240-67', '1995-10-20', 1, '(00) 0000-0000', 'user@user.com', 'user', 0, 'user', 1),
(30, 'teste de cadastro', '164.456.634-__', '2001-11-11', 0, '15166555556', 'admin@amdin.com', '', 0, 'testeCadastro', 0),
(31, 'teste', '111.111.111-11', '2000-11-11', 0, '169846532124', 'teste@admincadastro.com', '', 0, 'testecadastro', 0),
(32, 'teste', '111.111.111-11', '2000-11-11', 0, '169846532124', 'teste@admincadastro.com', '', 0, 'testecadastro', 0),
(33, 'teste', '111.111.111-11', '2000-11-11', 0, '169846532124', 'teste@admincadastro.com', '', 0, 'testecadastro', 0),
(34, 'testando', '111.232.365-64', '0200-11-17', 0, '(19)44444-4444', 'testando@gmail.com', '', 0, 'testando', 0),
(35, 'testando2', '111.232.365-64', '0200-11-17', 0, '(19)44444-4444', 'testando@gmail.com', '', 0, 'testando', 0),
(36, 'testando2', '111.232.365-64', '0200-11-17', 2, '(19)44444-4444', 'testando@gmail.com', '', 0, 'testando', 0),
(37, 'testando3', '222.222.222-22', '2000-06-04', 0, '(99)99999-9999', 'testando3@gmail.com', '', 0, 'testando3', 0),
(38, 'testando4', '222.222.222-22', '2000-06-04', 0, '(99)99999-9999', 'testando4@gmail.com', '', 0, 'testando4', 0),
(39, 'testando5', '222.222.222-22', '1980-11-16', 0, '(46)66666-6666', 'testando5@g.com', '', 0, 'testando5', 0),
(40, 'testando5', '222.222.222-22', '1980-11-16', 0, '(46)66666-6666', 'testando5@g.com', '', 0, 'testando5', 0),
(41, 'testando6', '222.222.222-22', '1980-11-16', 0, '(46)66666-6666', 'testando5@g.com', '', 0, 'testando5', 0),
(42, 'fasdfdsf', '111.232.365-64', '2022-12-31', 0, '(19)44444-4444', 'amdin@MDAIO.Com', '', 0, '464644655', 0),
(43, 'fasdfdsf11111', '111.232.365-64', '2022-12-31', 0, '(19)44444-4444', 'amdin@MDAIO.Com', '', 0, '464644655', 0),
(44, 'fasdfdsf22555555', '111.232.365-64', '2022-12-31', 0, '(19)44444-4444', 'amdin@MDAIO.Com', '', 0, '464644655', 0),
(45, 'fasdf444444', '111.232.365-64', '2022-12-31', 0, '(19)44444-4444', 'amdin@MDAIO.Com', '', 0, '464644655', 0),
(46, 'fasdf44333333', '111.232.365-64', '2022-12-31', 0, '(19)44444-4444', 'amdin@MDAIO.Com', '', 0, '464644655', 0),
(47, 'fasdf4433352', '111.232.365-64', '2022-12-31', 0, '(19)44444-4444', 'amdin@MDAIO.Com', '', 0, '464644655', 0),
(48, 'fasdf4433352', '111.232.365-64', '2022-12-31', 0, '(19)44444-4444', 'amdin@MDAIO.Com', '', 0, '464644655', 0),
(49, 'fasdf4433352', '111.232.365-64', '2022-12-31', 0, '(19)44444-4444', 'amdin@MDAIO.Com', '', 0, '464644655', 0),
(50, 'aadad', '111.232.365-64', '2000-11-11', 0, '(44)44444-4444', 'teste@g.com', '', 0, 'dffdfdf', 1),
(51, 'admin2', '236.307.030-54', '2000-11-11', 1, '(19) 48995 - 5555', 'admin2@admin.com', '', 0, 'admin2', 1),
(52, 'Joaquim', '170.600.300-50', '2000-02-20', 1, '(99) 59595-9888', 'joaquim@joaquim.com', 'joaquim', 0, 'joaquim', 1),
(53, 'Marcos Alberto', '955.613.910-97', '2001-10-12', 1, '(18) 99667-4928', 'marcos.alberto@gmail.com', '', 0, 'marcosAlberto', 1),
(54, 'Alberto Marcos', '109.681.170-74', '2001-10-12', 1, '(18) 99667-4944', 'albertomarcos@gmail.com', '', 0, 'albertoMarcos', 1),
(55, 'Nei Junio', '647.729.870-88', '2002-03-14', 1, '(19) 64352-8888', 'testandocadastro@teste.com', 'Observacao', 0, 'neiteste', 1),
(56, 'Caio Augusto da Costa', '556.003.249-28', '1990-10-15', 1, '(19) 48844-8449', 'caio_dacosta@truran.com.br', '', 0, 'caio123', 1),
(57, 'Nei Nogueira', '944.508.500-09', '2000-10-19', 1, '(19) 49646-9689', 'nogueira@teste.com', '', 0, '13219456', 1),
(58, 'teste84', '337.120.530-45', '1999-11-11', 1, '(51) 61134-6416', 'teste84@gmail.com', '', 0, '12365478', 1),
(59, 'teste85', '801.166.630-49', '2000-06-19', 0, '(56) 16106-5416', 'teste85@teste.com', '', 0, '1314646', 1),
(60, 'teste86', '245.039.950-06', '2020-04-19', 0, '(18) 94498-4499', 'teste86@gmail.com', '', 0, '123456', 1),
(61, 'teste87', '254.484.460-43', '2000-03-20', 2, '(56) 54498-7979', 'teste87@gmail.com', '', 0, '12345678', 1),
(62, 'Nei Nogueira', '659.561.860-54', '2000-05-11', 1, '(99) 59595-9888', 'joaquimsss@joaquim.com', '', 0, '10', 1),
(63, 'José Oliveira dos Santoss', '700.409.380-85', '2001-04-19', 1, '(15) 61444-9897', 'joaquim@joaquimaaa.com', '', 0, 'assdssdd@A1', 1),
(64, 'teste900', '793.867.480-02', '2002-05-19', 0, '(44) 36843-4445', 'teste900@gmail.com', '', 0, 'sadfsa4@SD', 1),
(65, 'teste800', '025.689.870-73', '2005-04-19', 1, '(16) 54134-5743', 'teste800@teste.com', '', 0, 'aaf2Afsgsfbf@', 1),
(66, 'Tomás João da Mota', '801.733.292-09', '1979-03-16', 1, '(32) 14654-6531', 'tomasjoao@teste.com', '', 0, 'safA3afdfg@#', 0);

-- --------------------------------------------------------

--
-- Estrutura para tabela `veiculos`
--

CREATE TABLE `veiculos` (
  `veic_id` int(11) NOT NULL,
  `mod_id` int(11) NOT NULL,
  `veic_placa` varchar(10) NOT NULL,
  `veic_ano` varchar(4) NOT NULL,
  `veic_cor` varchar(15) NOT NULL,
  `veic_combustivel` varchar(20) NOT NULL,
  `veic_observ` varchar(200) NOT NULL,
  `veic_situacao` bit(1) NOT NULL
) ENGINE=InnoDB DEFAULT CHARSET=utf8 COLLATE=utf8_general_ci;

--
-- Despejando dados para a tabela `veiculos`
--

INSERT INTO `veiculos` (`veic_id`, `mod_id`, `veic_placa`, `veic_ano`, `veic_cor`, `veic_combustivel`, `veic_observ`, `veic_situacao`) VALUES
(1, 1, 'ABC1234', '2020', 'Bege', 'diesel', 'Observacoes sobre o veiculo ABC1234 - caminhao', b'0'),
(2, 2, 'DEF5678', '2018', 'Preto', 'diesel', 'Observacoes sobre o veiculo DEF5678 - caminhao', b'1'),
(3, 3, 'GHI9012', '2022', 'Branco', 'Diesel', 'Observacoes sobre o veiculo GHI9012 - caminhao', b'1'),
(4, 481, 'JKL3456', '2019', 'Vermelho', 'Flex', 'Observacoes sobre o veiculo JKL3456 - carro', b'1'),
(5, 934, 'MNO7890', '2021', 'Azul', 'Flex', 'Observacoes sobre o veiculo MNO7890 - carro', b'1'),
(6, 504, 'PQR1234', '2017', 'Prata', 'Flex', 'Observacoes sobre o veiculo PQR1234 - carro', b'1'),
(7, 1582, 'STU5678', '2013', 'Preto', 'Gasolina', 'Observacoes sobre o veiculo STU5678 - moto', b'1'),
(8, 1586, 'VWX9012', '2023', 'Branco', 'Flex', 'Observacoes sobre o veiculo VWX9012 - moto', b'1'),
(9, 1, 'TGD1134', '2008', 'Laranja', 'Diesel', 'Observacoes sobre o veiculo TGD1134 - caminhao', b'1'),
(10, 1, 'ABC1234', '2015', 'Preto', 'Gasolina', 'Nenhuma observação', b'1'),
(11, 2, 'DEF5678', '2018', 'Branco', 'Diesel', 'Nenhuma observação', b'1'),
(12, 3, 'GHI9012', '2019', 'Vermelho', 'Flex', 'Nenhuma observação', b'1'),
(13, 4, 'JKL3456', '2020', 'Azul', 'Elétrico', 'Nenhuma observação', b'1'),
(14, 5, 'MNO7890', '2017', 'Cinza', 'Gasolina', 'Nenhuma observação', b'1'),
(15, 6, 'PQR1234', '2021', 'Preto', 'Diesel', 'Nenhuma observação', b'1'),
(16, 7, 'STU5678', '2016', 'Branco', 'Flex', 'Nenhuma observação', b'1'),
(17, 8, 'VWX9012', '2015', 'Vermelho', 'Elétrico', 'Nenhuma observação', b'1'),
(18, 9, 'YZA3456', '2019', 'Azul', 'Gasolina', 'Nenhuma observação', b'1'),
(19, 10, 'BCD7890', '2020', 'Cinza', 'Diesel', 'Nenhuma observação', b'1'),
(20, 11, 'EFG1234', '2018', 'Preto', 'Flex', 'Nenhuma observação', b'1'),
(21, 12, 'HIJ5678', '2021', 'Branco', 'Elétrico', 'Nenhuma observação', b'1'),
(22, 13, 'KLM9012', '2017', 'Vermelho', 'Gasolina', 'Nenhuma observação', b'1'),
(23, 14, 'NOP3456', '2016', 'Azul', 'Diesel', 'Nenhuma observação', b'1'),
(24, 15, 'QRS7890', '2019', 'Cinza', 'Flex', 'Nenhuma observação', b'1'),
(25, 16, 'TUV1234', '2020', 'Preto', 'Elétrico', 'Nenhuma observação', b'1'),
(26, 17, 'WXY5678', '2015', 'Branco', 'Gasolina', 'Nenhuma observação', b'1'),
(27, 18, 'ZAB9012', '2018', 'Vermelho', 'Diesel', 'Nenhuma observação', b'1'),
(28, 19, 'CDE3456', '2019', 'Azul', 'Flex', 'Nenhuma observação', b'1'),
(29, 20, 'FGH7890', '2021', 'Cinza', 'Elétrico', 'Nenhuma observação', b'1'),
(30, 837, 'FFF-2F22', '2022', 'Amarelo', 'diesel', 'observação', b'1'),
(31, 2175, 'SFG-6H31', '2022', 'Preto', 'alcool', 'observação', b'1'),
(32, 1054, 'SFG-6319', '2022', 'Preto', 'Gasolina', 'Cadillac', b'1'),
(33, 736, 'FGH-1T19', '2021', 'Branco', 'Alcool', 'versa', b'1'),
(34, 539, 'AFG-1935', '2020', 'Cinza', 'Alcool', 'corsa', b'1'),
(35, 2199, 'BBJ-5969', '2022', 'Marrom', 'Flex', '', b'0'),
(36, 361, 'AAH-9E38', '2024', 'Branco', 'Gasolina', '', b'1'),
(37, 8, 'HHG-6556', '1970', 'Azul', 'Diesel', '', b'1'),
(38, 547, 'AHJ-3369', '2020', 'Branco', 'Alcool', 'malibu', b'1'),
(39, 35, 'AHJ-1965', '2020', 'Azul', 'Diesel', 'd-12000', b'1'),
(40, 35, 'AHJ-1946', '2020', 'Azul', 'Alcool', 'd12000', b'1'),
(41, 37, 'WWW-3W33', '2004', 'Azul', 'Diesel', 'd14000', b'1'),
(42, 43, 'QQQ-2Q22', '1970', 'Azul', 'Alcool', 'd-40', b'1'),
(43, 469, 'CCC-6C66', '2022', 'Vermelho', 'Alcool', 'fiat', b'1'),
(44, 521, 'VVV-3V33', '2000', 'Branco', 'Gasolina', 'a-10', b'1'),
(45, 540, 'XXX-1234', '2010', 'Dourado', 'Eletrico', 'corvette', b'1'),
(46, 72, 'MMM-1M11', '1980', 'Azul', 'Alcool', '7-110', b'1'),
(47, 2308, 'NNN-1N11', '1999', 'Amarelo', 'Gasolina', 'crew', b'1'),
(48, 632, 'NNN-2N22', '2006', 'Amarelo', 'Gasolina', '', b'1'),
(49, 1634, 'NNN-3N33', '2007', 'Amarelo', 'Gasolina', '', b'1'),
(50, 1632, 'NNN-4N44', '2001', 'Branco', 'Gasolina', '', b'1'),
(51, 90, 'NNN-5N55', '2009', 'Azul', 'Alcool', '1420', b'1'),
(52, 606, 'NNN-4N45', '2000', 'Azul', 'Alcool', '', b'0'),
(53, 1953, 'NNN-8N11', '2026', 'Branco', 'Alcool', '', b'1'),
(54, 1528, 'NNN-7N89', '2024', 'Azul', 'Diesel', '', b'1'),
(55, 22, 'NNN-9999', '2025', 'Branco', 'Alcool', '', b'1'),
(56, 729, 'TTT-1T11', '2024', 'Azul', 'Alcool', 'primera', b'1'),
(57, 873, 'RRR-3R33', '2000', 'Roxo', 'Flex', 'pallas', b'1'),
(58, 1524, 'AAA-1999', '2024', 'Azul', 'Alcool', '', b'1'),
(59, 352, 'RRR-3R34', '2024', 'Bege', 'Alcool', '', b'1');

-- --------------------------------------------------------

--
-- Estrutura para tabela `veiculo_usuario`
--

CREATE TABLE `veiculo_usuario` (
  `veic_usu_id` int(11) NOT NULL,
  `veic_id` int(11) NOT NULL,
  `usu_id` int(11) NOT NULL,
  `ehproprietario` bit(1) NOT NULL,
  `data_inicial` date NOT NULL,
  `data_final` date DEFAULT NULL
) ENGINE=InnoDB DEFAULT CHARSET=utf8 COLLATE=utf8_general_ci;

--
-- Despejando dados para a tabela `veiculo_usuario`
--

INSERT INTO `veiculo_usuario` (`veic_usu_id`, `veic_id`, `usu_id`, `ehproprietario`, `data_inicial`, `data_final`) VALUES
(1, 1, 1, b'0', '2020-01-01', NULL),
(2, 2, 2, b'1', '2018-03-10', NULL),
(3, 3, 3, b'1', '2022-08-25', NULL),
(4, 4, 4, b'1', '2019-12-05', NULL),
(5, 5, 5, b'1', '2021-06-15', NULL),
(6, 6, 6, b'1', '2017-09-30', NULL),
(7, 7, 7, b'1', '2013-12-12', NULL),
(8, 8, 8, b'1', '2023-04-25', NULL),
(9, 1, 9, b'1', '2020-08-10', NULL),
(10, 2, 10, b'1', '2018-11-15', NULL),
(11, 3, 11, b'1', '2022-07-20', NULL),
(12, 4, 12, b'1', '2019-02-28', NULL),
(13, 5, 13, b'1', '2021-06-05', NULL),
(14, 6, 14, b'1', '2017-09-12', NULL),
(15, 7, 15, b'1', '2013-03-30', NULL),
(16, 8, 16, b'1', '2023-11-05', NULL),
(17, 1, 17, b'1', '2020-12-18', NULL),
(18, 2, 18, b'1', '2018-05-08', NULL),
(19, 3, 19, b'1', '2022-09-17', NULL),
(20, 4, 20, b'1', '2019-11-30', NULL),
(61, 1, 1, b'1', '2020-01-01', NULL),
(62, 2, 2, b'1', '2018-03-10', NULL),
(63, 3, 3, b'1', '2022-08-25', NULL),
(64, 4, 4, b'1', '2019-12-05', NULL),
(65, 5, 5, b'1', '2021-06-15', NULL),
(66, 6, 6, b'1', '2017-09-30', NULL),
(67, 7, 7, b'1', '2013-12-12', NULL),
(68, 8, 8, b'1', '2023-04-25', NULL),
(69, 1, 9, b'1', '2020-08-10', NULL),
(70, 2, 10, b'1', '2018-11-15', NULL),
(71, 3, 11, b'1', '2022-07-20', NULL),
(72, 4, 12, b'1', '2019-02-28', NULL),
(73, 5, 13, b'1', '2021-06-05', NULL),
(74, 6, 14, b'1', '2017-09-12', NULL),
(75, 7, 15, b'1', '2013-03-30', NULL),
(76, 8, 16, b'1', '2023-11-05', NULL),
(77, 1, 17, b'1', '2020-12-18', NULL),
(78, 2, 18, b'1', '2018-05-08', NULL),
(79, 3, 19, b'1', '2022-09-17', NULL),
(80, 4, 20, b'1', '2019-11-30', NULL),
(81, 9, 1, b'1', '2024-09-22', NULL),
(82, 10, 1, b'1', '2024-09-22', NULL),
(83, 11, 1, b'1', '2024-09-22', NULL),
(84, 12, 1, b'1', '2024-09-22', NULL),
(85, 13, 1, b'1', '2024-09-22', NULL),
(86, 14, 1, b'1', '2024-09-22', NULL),
(87, 15, 1, b'1', '2024-09-22', NULL),
(88, 16, 1, b'1', '2024-09-22', NULL),
(89, 17, 1, b'1', '2024-09-22', NULL),
(90, 18, 1, b'1', '2024-09-22', NULL),
(91, 19, 1, b'1', '2024-09-22', NULL),
(92, 20, 1, b'1', '2024-09-22', NULL),
(93, 21, 1, b'1', '2024-09-22', NULL),
(94, 22, 1, b'1', '2024-09-22', NULL),
(95, 23, 1, b'1', '2024-09-22', NULL),
(96, 24, 1, b'1', '2024-09-22', NULL),
(97, 25, 1, b'1', '2024-09-22', NULL),
(98, 26, 1, b'1', '2024-09-22', NULL),
(99, 27, 1, b'1', '2024-09-22', NULL),
(100, 28, 1, b'1', '2024-09-22', NULL),
(101, 29, 1, b'1', '2024-09-22', NULL),
(112, 1, 2, b'1', '2024-09-22', NULL),
(113, 9, 2, b'1', '2024-09-22', NULL),
(114, 2, 2, b'1', '2024-09-22', NULL),
(115, 3, 2, b'1', '2024-09-22', NULL),
(116, 15, 2, b'1', '2024-09-22', NULL),
(117, 16, 2, b'1', '2024-09-22', NULL),
(118, 6, 2, b'1', '2024-09-22', NULL),
(119, 7, 2, b'1', '2024-09-22', NULL),
(120, 8, 2, b'1', '2024-09-22', NULL),
(127, 9, 3, b'1', '2024-09-22', NULL),
(128, 10, 3, b'1', '2024-09-22', NULL),
(129, 11, 3, b'1', '2024-09-22', NULL),
(130, 15, 3, b'1', '2024-09-22', NULL),
(131, 16, 3, b'1', '2024-09-22', NULL),
(132, 4, 3, b'1', '2024-09-22', NULL),
(133, 5, 3, b'1', '2024-09-22', NULL),
(134, 8, 3, b'1', '2024-09-22', NULL),
(142, 22, 2, b'1', '2024-09-22', NULL),
(143, 23, 2, b'1', '2024-09-22', NULL),
(144, 24, 2, b'1', '2024-09-22', NULL),
(145, 25, 2, b'1', '2024-09-22', NULL),
(146, 26, 2, b'1', '2024-09-22', NULL),
(147, 27, 2, b'1', '2024-09-22', NULL),
(148, 28, 2, b'1', '2024-09-22', NULL),
(149, 25, 3, b'1', '2024-09-22', NULL),
(150, 26, 3, b'1', '2024-09-22', NULL),
(151, 27, 3, b'1', '2024-09-22', NULL),
(152, 28, 3, b'1', '2024-09-22', NULL),
(153, 32, 2, b'1', '0022-12-12', NULL),
(154, 31, 2, b'1', '0023-12-13', NULL),
(155, 30, 2, b'1', '2024-10-14', NULL),
(156, 33, 2, b'1', '2022-12-19', NULL),
(157, 33, 3, b'0', '2024-10-12', NULL),
(158, 34, 3, b'1', '2024-10-10', NULL),
(159, 35, 3, b'1', '2024-02-12', NULL),
(160, 35, 55, b'1', '2024-10-11', NULL),
(161, 33, 55, b'0', '2024-12-12', '2024-10-20'),
(162, 34, 55, b'1', '2024-12-12', NULL),
(163, 36, 55, b'1', '2024-10-14', '2024-10-20'),
(164, 36, 14, b'0', '2023-02-12', NULL),
(165, 50, 55, b'1', '2002-12-30', NULL),
(166, 51, 55, b'1', '2022-10-16', NULL),
(167, 52, 55, b'1', '2024-02-20', NULL),
(169, 50, 1, b'0', '2024-10-20', NULL),
(170, 50, 1, b'0', '2024-09-19', NULL),
(171, 50, 1, b'0', '2024-01-19', NULL),
(172, 50, 1, b'0', '2024-10-20', NULL),
(173, 50, 1, b'0', '2022-08-19', NULL),
(174, 50, 1, b'0', '2022-05-19', NULL),
(175, 50, 1, b'0', '2000-11-19', NULL),
(176, 50, 1, b'0', '2011-11-11', NULL),
(177, 50, 1, b'0', '2009-09-09', NULL),
(178, 50, 1, b'0', '2024-10-20', NULL),
(179, 50, 1, b'0', '2000-09-19', NULL),
(180, 50, 1, b'0', '2024-10-20', NULL),
(181, 47, 1, b'0', '2024-10-21', NULL),
(182, 53, 55, b'1', '2023-06-19', '2024-10-22'),
(183, 56, 55, b'1', '2024-09-12', NULL),
(184, 57, 62, b'1', '2022-12-19', NULL),
(185, 1, 25, b'0', '0000-00-00', '2022-03-11');

--
-- Índices para tabelas despejadas
--

--
-- Índices de tabela `agendamentos`
--
ALTER TABLE `agendamentos`
  ADD PRIMARY KEY (`agend_id`),
  ADD UNIQUE KEY `agend_id` (`agend_id`),
  ADD KEY `agendamentos_fk1` (`veic_usu_id`),
  ADD KEY `fk_agendamentos_servicos` (`serv_id`),
  ADD KEY `fk_agendamentos_agenda_servicos_situacao` (`agend_serv_situ_id`);

--
-- Índices de tabela `agenda_servicos`
--
ALTER TABLE `agenda_servicos`
  ADD PRIMARY KEY (`agend_serv_id`),
  ADD UNIQUE KEY `agend_serv_id` (`agend_serv_id`),
  ADD KEY `agend_serv_situ_id` (`agend_serv_situ_id`),
  ADD KEY `fk_agenda_servicos_servicos` (`serv_id`),
  ADD KEY `fk_agenda_servicos_agendamentos` (`agend_id`);

--
-- Índices de tabela `agenda_servicos_situacao`
--
ALTER TABLE `agenda_servicos_situacao`
  ADD PRIMARY KEY (`agend_serv_situ_id`);

--
-- Índices de tabela `categorias`
--
ALTER TABLE `categorias`
  ADD PRIMARY KEY (`cat_id`),
  ADD UNIQUE KEY `cat_id` (`cat_id`);

--
-- Índices de tabela `categorias_servicos`
--
ALTER TABLE `categorias_servicos`
  ADD PRIMARY KEY (`cat_serv_id`);

--
-- Índices de tabela `disponibilidade`
--
ALTER TABLE `disponibilidade`
  ADD PRIMARY KEY (`disp_id`),
  ADD UNIQUE KEY `disp_id` (`disp_id`);

--
-- Índices de tabela `indisponibilidade`
--
ALTER TABLE `indisponibilidade`
  ADD PRIMARY KEY (`indisp_id`),
  ADD UNIQUE KEY `indisp_id` (`indisp_id`);

--
-- Índices de tabela `marcas`
--
ALTER TABLE `marcas`
  ADD PRIMARY KEY (`mar_id`),
  ADD UNIQUE KEY `mar_id` (`mar_id`),
  ADD KEY `marcas_fk3` (`cat_id`);

--
-- Índices de tabela `modelos`
--
ALTER TABLE `modelos`
  ADD PRIMARY KEY (`mod_id`),
  ADD UNIQUE KEY `mod_id` (`mod_id`),
  ADD KEY `modelos_fk2` (`mar_id`);

--
-- Índices de tabela `servicos`
--
ALTER TABLE `servicos`
  ADD PRIMARY KEY (`serv_id`),
  ADD KEY `FK_cat_serv_id` (`cat_serv_id`);

--
-- Índices de tabela `usuarios`
--
ALTER TABLE `usuarios`
  ADD PRIMARY KEY (`usu_id`),
  ADD UNIQUE KEY `usu_id` (`usu_id`);

--
-- Índices de tabela `veiculos`
--
ALTER TABLE `veiculos`
  ADD PRIMARY KEY (`veic_id`),
  ADD KEY `veiculos_fk1` (`mod_id`);

--
-- Índices de tabela `veiculo_usuario`
--
ALTER TABLE `veiculo_usuario`
  ADD PRIMARY KEY (`veic_usu_id`),
  ADD UNIQUE KEY `veic_usu_id` (`veic_usu_id`),
  ADD KEY `veiculo_usuario_fk1` (`veic_id`),
  ADD KEY `veiculo_usuario_fk2` (`usu_id`);

--
-- AUTO_INCREMENT para tabelas despejadas
--

--
-- AUTO_INCREMENT de tabela `agendamentos`
--
ALTER TABLE `agendamentos`
  MODIFY `agend_id` int(11) NOT NULL AUTO_INCREMENT, AUTO_INCREMENT=84;

--
-- AUTO_INCREMENT de tabela `agenda_servicos`
--
ALTER TABLE `agenda_servicos`
  MODIFY `agend_serv_id` int(11) NOT NULL AUTO_INCREMENT, AUTO_INCREMENT=61;

--
-- AUTO_INCREMENT de tabela `agenda_servicos_situacao`
--
ALTER TABLE `agenda_servicos_situacao`
  MODIFY `agend_serv_situ_id` int(11) NOT NULL AUTO_INCREMENT, AUTO_INCREMENT=5;

--
-- AUTO_INCREMENT de tabela `categorias`
--
ALTER TABLE `categorias`
  MODIFY `cat_id` int(11) NOT NULL AUTO_INCREMENT, AUTO_INCREMENT=4;

--
-- AUTO_INCREMENT de tabela `categorias_servicos`
--
ALTER TABLE `categorias_servicos`
  MODIFY `cat_serv_id` int(11) NOT NULL AUTO_INCREMENT, AUTO_INCREMENT=23;

--
-- AUTO_INCREMENT de tabela `disponibilidade`
--
ALTER TABLE `disponibilidade`
  MODIFY `disp_id` int(11) NOT NULL AUTO_INCREMENT, AUTO_INCREMENT=12;

--
-- AUTO_INCREMENT de tabela `indisponibilidade`
--
ALTER TABLE `indisponibilidade`
  MODIFY `indisp_id` int(11) NOT NULL AUTO_INCREMENT, AUTO_INCREMENT=9;

--
-- AUTO_INCREMENT de tabela `marcas`
--
ALTER TABLE `marcas`
  MODIFY `mar_id` int(11) NOT NULL AUTO_INCREMENT, AUTO_INCREMENT=275;

--
-- AUTO_INCREMENT de tabela `modelos`
--
ALTER TABLE `modelos`
  MODIFY `mod_id` int(11) NOT NULL AUTO_INCREMENT, AUTO_INCREMENT=2431;

--
-- AUTO_INCREMENT de tabela `servicos`
--
ALTER TABLE `servicos`
  MODIFY `serv_id` int(11) NOT NULL AUTO_INCREMENT, AUTO_INCREMENT=43;

--
-- AUTO_INCREMENT de tabela `usuarios`
--
ALTER TABLE `usuarios`
  MODIFY `usu_id` int(11) NOT NULL AUTO_INCREMENT, AUTO_INCREMENT=67;

--
-- AUTO_INCREMENT de tabela `veiculos`
--
ALTER TABLE `veiculos`
  MODIFY `veic_id` int(11) NOT NULL AUTO_INCREMENT, AUTO_INCREMENT=60;

--
-- AUTO_INCREMENT de tabela `veiculo_usuario`
--
ALTER TABLE `veiculo_usuario`
  MODIFY `veic_usu_id` int(11) NOT NULL AUTO_INCREMENT, AUTO_INCREMENT=186;

--
-- Restrições para tabelas despejadas
--

--
-- Restrições para tabelas `agendamentos`
--
ALTER TABLE `agendamentos`
  ADD CONSTRAINT `agendamentos_fk1` FOREIGN KEY (`veic_usu_id`) REFERENCES `veiculo_usuario` (`veic_usu_id`),
  ADD CONSTRAINT `fk_agendamentos_agenda_servicos_situacao` FOREIGN KEY (`agend_serv_situ_id`) REFERENCES `agenda_servicos_situacao` (`agend_serv_situ_id`),
  ADD CONSTRAINT `fk_agendamentos_servicos` FOREIGN KEY (`serv_id`) REFERENCES `servicos` (`serv_id`);

--
-- Restrições para tabelas `agenda_servicos`
--
ALTER TABLE `agenda_servicos`
  ADD CONSTRAINT `agenda_servicos_ibfk_1` FOREIGN KEY (`agend_serv_situ_id`) REFERENCES `agenda_servicos_situacao` (`agend_serv_situ_id`),
  ADD CONSTRAINT `fk_agenda_servicos_agendamentos` FOREIGN KEY (`agend_id`) REFERENCES `agendamentos` (`agend_id`),
  ADD CONSTRAINT `fk_agenda_servicos_servicos` FOREIGN KEY (`serv_id`) REFERENCES `servicos` (`serv_id`);

--
-- Restrições para tabelas `marcas`
--
ALTER TABLE `marcas`
  ADD CONSTRAINT `marcas_fk3` FOREIGN KEY (`cat_id`) REFERENCES `categorias` (`cat_id`);

--
-- Restrições para tabelas `modelos`
--
ALTER TABLE `modelos`
  ADD CONSTRAINT `modelos_fk2` FOREIGN KEY (`mar_id`) REFERENCES `marcas` (`mar_id`);

--
-- Restrições para tabelas `servicos`
--
ALTER TABLE `servicos`
  ADD CONSTRAINT `FK_cat_serv_id` FOREIGN KEY (`cat_serv_id`) REFERENCES `categorias_servicos` (`cat_serv_id`);

--
-- Restrições para tabelas `veiculos`
--
ALTER TABLE `veiculos`
  ADD CONSTRAINT `veiculos_fk1` FOREIGN KEY (`mod_id`) REFERENCES `modelos` (`mod_id`);

--
-- Restrições para tabelas `veiculo_usuario`
--
ALTER TABLE `veiculo_usuario`
  ADD CONSTRAINT `veiculo_usuario_fk1` FOREIGN KEY (`veic_id`) REFERENCES `veiculos` (`veic_id`),
  ADD CONSTRAINT `veiculo_usuario_fk2` FOREIGN KEY (`usu_id`) REFERENCES `usuarios` (`usu_id`);
COMMIT;

/*!40101 SET CHARACTER_SET_CLIENT=@OLD_CHARACTER_SET_CLIENT */;
/*!40101 SET CHARACTER_SET_RESULTS=@OLD_CHARACTER_SET_RESULTS */;
/*!40101 SET COLLATION_CONNECTION=@OLD_COLLATION_CONNECTION */;
